<?xml version="1.0" encoding="utf-8"?>
<CyXmlSerializer>
<!--This file is machine generated and read. It is not intended to be edited by hand.-->
<!--Due to this, there is no schema for this file.-->
<CyGuid_843a90a4-0c4b-4e44-991d-05e7fb117a21 type_name="CyDesigner.Common.ProjMgmt.Model.CyPrjMgmtWrkspcCustomData" version="4">
<CyGuid_fdba8dfd-b15b-4469-9bbb-9e40c3e70997 type_name="CyDesigner.Common.Base.CyCustomData" version="2">
<userData>
<dataGuid v="5f2be1a5-0687-4501-bb8c-cf21cb8211bf">
<CyGuid_5f2be1a5-0687-4501-bb8c-cf21cb8211bf type_name="CyDesigner.Common.ProjMgmt.GUI.CyBookmarkData" version="1">
<indicators />
</CyGuid_5f2be1a5-0687-4501-bb8c-cf21cb8211bf>
</dataGuid>
<dataGuid v="1b906a0f-a7b6-4e4d-a428-82f98b53cb35">
<CyGuid_1b906a0f-a7b6-4e4d-a428-82f98b53cb35 type_name="CyDesigner.Common.ProjMgmt.GUI.CyExplorerWindow+CyExplorerWindowState" version="3" SelectedTab="Source">
<TreeKeys>
<v>Source</v>
<v>Components</v>
<v>Output</v>
</TreeKeys>
<TreeStates>
<CyGuid_2a325b3b-c96a-4e9f-b7a0-2c44ecb5f237 type_name="CyDesigner.Common.Base.Controls.CyTreeViewState" version="1" SelectedNodeId="MPU6050_control-000\MPU6050_control\TopDesign">
<ExpandedNodeIds>
<v>MPU6050_control-000</v>
<v>MPU6050_control-000\MPU6050_control</v>
<v>MPU6050_control-000\MPU6050_control\TopDesign</v>
<v>MPU6050_control-000\MPU6050_control\MPU6050_control.cydwr</v>
<v>MPU6050_control-000\MPU6050_control\MPU6050_control.cydwr\Pins</v>
<v>MPU6050_control-000\MPU6050_control\MPU6050_control.cydwr\Analog</v>
<v>MPU6050_control-000\MPU6050_control\MPU6050_control.cydwr\Clocks</v>
<v>MPU6050_control-000\MPU6050_control\MPU6050_control.cydwr\Interrupts</v>
<v>MPU6050_control-000\MPU6050_control\MPU6050_control.cydwr\DMA</v>
<v>MPU6050_control-000\MPU6050_control\MPU6050_control.cydwr\System</v>
<v>MPU6050_control-000\MPU6050_control\MPU6050_control.cydwr\Directives</v>
<v>MPU6050_control-000\MPU6050_control\MPU6050_control.cydwr\Flash Security</v>
<v>MPU6050_control-000\MPU6050_control\MPU6050_control.cydwr\EEPROM</v>
<v>MPU6050_control-000\MPU6050_control\Header Files</v>
<v>MPU6050_control-000\MPU6050_control\Header Files\cyapicallbacks.h</v>
<v>MPU6050_control-000\MPU6050_control\Header Files\mpu6050.h</v>
<v>MPU6050_control-000\MPU6050_control\Source Files</v>
<v>MPU6050_control-000\MPU6050_control\Source Files\i2cFunctions.c</v>
<v>MPU6050_control-000\MPU6050_control\Source Files\main.c</v>
<v>MPU6050_control-000\MPU6050_control\Source Files\mpu6050.c</v>
<v>MPU6050_control-000\MPU6050_control\Generated_Source</v>
<v>MPU6050_control-000\MPU6050_control\Generated_Source\PSoC5</v>
</ExpandedNodeIds>
<VisibleNodeIds>
<v>MPU6050_control-000</v>
<v>MPU6050_control-000\MPU6050_control</v>
<v>MPU6050_control-000\MPU6050_control\TopDesign</v>
<v>MPU6050_control-000\MPU6050_control\MPU6050_control.cydwr</v>
<v>MPU6050_control-000\MPU6050_control\MPU6050_control.cydwr\Pins</v>
<v>MPU6050_control-000\MPU6050_control\MPU6050_control.cydwr\Analog</v>
<v>MPU6050_control-000\MPU6050_control\MPU6050_control.cydwr\Clocks</v>
<v>MPU6050_control-000\MPU6050_control\MPU6050_control.cydwr\Interrupts</v>
<v>MPU6050_control-000\MPU6050_control\MPU6050_control.cydwr\DMA</v>
<v>MPU6050_control-000\MPU6050_control\MPU6050_control.cydwr\System</v>
<v>MPU6050_control-000\MPU6050_control\MPU6050_control.cydwr\Directives</v>
<v>MPU6050_control-000\MPU6050_control\MPU6050_control.cydwr\Flash Security</v>
<v>MPU6050_control-000\MPU6050_control\MPU6050_control.cydwr\EEPROM</v>
<v>MPU6050_control-000\MPU6050_control\Header Files</v>
<v>MPU6050_control-000\MPU6050_control\Header Files\cyapicallbacks.h</v>
<v>MPU6050_control-000\MPU6050_control\Header Files\mpu6050.h</v>
<v>MPU6050_control-000\MPU6050_control\Source Files</v>
<v>MPU6050_control-000\MPU6050_control\Source Files\i2cFunctions.c</v>
<v>MPU6050_control-000\MPU6050_control\Source Files\main.c</v>
<v>MPU6050_control-000\MPU6050_control\Source Files\mpu6050.c</v>
<v>MPU6050_control-000\MPU6050_control\Generated_Source</v>
<v>MPU6050_control-000\MPU6050_control\Generated_Source\PSoC5</v>
<v>MPU6050_control-000\MPU6050_control\Generated_Source\PSoC5\ADC</v>
<v>MPU6050_control-000\MPU6050_control\Generated_Source\PSoC5\ADC_IRQ</v>
<v>MPU6050_control-000\MPU6050_control\Generated_Source\PSoC5\ADC_theACLK</v>
<v>MPU6050_control-000\MPU6050_control\Generated_Source\PSoC5\cy_boot</v>
<v>MPU6050_control-000\MPU6050_control\Generated_Source\PSoC5\Em_EEPROM_Dynamic</v>
<v>MPU6050_control-000\MPU6050_control\Generated_Source\PSoC5\I2C_MPU6050</v>
<v>MPU6050_control-000\MPU6050_control\Generated_Source\PSoC5\Pin_1</v>
<v>MPU6050_control-000\MPU6050_control\Generated_Source\PSoC5\SCL</v>
<v>MPU6050_control-000\MPU6050_control\Generated_Source\PSoC5\SDA</v>
<v>MPU6050_control-000\MPU6050_control\Generated_Source\PSoC5\SERIAL</v>
<v>MPU6050_control-000\MPU6050_control\Generated_Source\PSoC5\SERIAL_IntClock</v>
<v>MPU6050_control-000\MPU6050_control\Generated_Source\PSoC5\cycodeshareexport.ld</v>
<v>MPU6050_control-000\MPU6050_control\Generated_Source\PSoC5\cycodeshareimport.ld</v>
<v>MPU6050_control-000\MPU6050_control\Generated_Source\PSoC5\cycodeshareimport.scat</v>
<v>MPU6050_control-000\MPU6050_control\Generated_Source\PSoC5\cydevice.h</v>
<v>MPU6050_control-000\MPU6050_control\Generated_Source\PSoC5\cydevice_trm.h</v>
<v>MPU6050_control-000\MPU6050_control\Generated_Source\PSoC5\cydevicegnu.inc</v>
<v>MPU6050_control-000\MPU6050_control\Generated_Source\PSoC5\cydevicegnu_trm.inc</v>
<v>MPU6050_control-000\MPU6050_control\Generated_Source\PSoC5\cydeviceiar.inc</v>
<v>MPU6050_control-000\MPU6050_control\Generated_Source\PSoC5\cydeviceiar_trm.inc</v>
<v>MPU6050_control-000\MPU6050_control\Generated_Source\PSoC5\cydevicerv.inc</v>
<v>MPU6050_control-000\MPU6050_control\Generated_Source\PSoC5\cydevicerv_trm.inc</v>
<v>MPU6050_control-000\MPU6050_control\Generated_Source\PSoC5\cydisabledsheets.h</v>
<v>MPU6050_control-000\MPU6050_control\Generated_Source\PSoC5\cyfitter.h</v>
<v>MPU6050_control-000\MPU6050_control\Generated_Source\PSoC5\cyfitter_cfg.c</v>
<v>MPU6050_control-000\MPU6050_control\Generated_Source\PSoC5\cyfitter_cfg.h</v>
</VisibleNodeIds>
</CyGuid_2a325b3b-c96a-4e9f-b7a0-2c44ecb5f237>
<CyGuid_2a325b3b-c96a-4e9f-b7a0-2c44ecb5f237 type_name="CyDesigner.Common.Base.Controls.CyTreeViewState" version="1" SelectedNodeId="">
<ExpandedNodeIds>
<v>MPU6050_control-000</v>
<v>MPU6050_control-000\MPU6050_control</v>
<v>MPU6050_control-000\MPU6050_control\TopDesign</v>
<v>MPU6050_control-000\MPU6050_control\TopDesign\TopDesign.cysch</v>
</ExpandedNodeIds>
<VisibleNodeIds>
<v>MPU6050_control-000</v>
<v>MPU6050_control-000\MPU6050_control</v>
<v>MPU6050_control-000\MPU6050_control\TopDesign</v>
<v>MPU6050_control-000\MPU6050_control\TopDesign\TopDesign.cysch</v>
</VisibleNodeIds>
</CyGuid_2a325b3b-c96a-4e9f-b7a0-2c44ecb5f237>
<CyGuid_2a325b3b-c96a-4e9f-b7a0-2c44ecb5f237 type_name="CyDesigner.Common.Base.Controls.CyTreeViewState" version="1" SelectedNodeId="">
<ExpandedNodeIds>
<v>MPU6050_control-000</v>
<v>MPU6050_control-000\MPU6050_control</v>
<v>MPU6050_control-000\MPU6050_control\CortexM3</v>
<v>MPU6050_control-000\MPU6050_control\CortexM3\ARM_GCC_541</v>
<v>MPU6050_control-000\MPU6050_control\CortexM3\ARM_GCC_541\Debug</v>
<v>MPU6050_control-000\MPU6050_control\CortexM3\ARM_GCC_541\Debug\Listing Files</v>
<v>MPU6050_control-000\MPU6050_control\CortexM3\ARM_GCC_541\Debug\Listing Files\ADC.lst</v>
<v>MPU6050_control-000\MPU6050_control\CortexM3\ARM_GCC_541\Debug\Listing Files\ADC_INT.lst</v>
<v>MPU6050_control-000\MPU6050_control\CortexM3\ARM_GCC_541\Debug\Listing Files\ADC_IRQ.lst</v>
<v>MPU6050_control-000\MPU6050_control\CortexM3\ARM_GCC_541\Debug\Listing Files\ADC_PM.lst</v>
<v>MPU6050_control-000\MPU6050_control\CortexM3\ARM_GCC_541\Debug\Listing Files\ADC_theACLK.lst</v>
<v>MPU6050_control-000\MPU6050_control\CortexM3\ARM_GCC_541\Debug\Listing Files\Cm3Start.lst</v>
<v>MPU6050_control-000\MPU6050_control\CortexM3\ARM_GCC_541\Debug\Listing Files\cy_em_eeprom.lst</v>
<v>MPU6050_control-000\MPU6050_control\CortexM3\ARM_GCC_541\Debug\Listing Files\CyBootAsmGnu.lst</v>
<v>MPU6050_control-000\MPU6050_control\CortexM3\ARM_GCC_541\Debug\Listing Files\CyDmac.lst</v>
<v>MPU6050_control-000\MPU6050_control\CortexM3\ARM_GCC_541\Debug\Listing Files\cyfitter_cfg.lst</v>
<v>MPU6050_control-000\MPU6050_control\CortexM3\ARM_GCC_541\Debug\Listing Files\CyFlash.lst</v>
<v>MPU6050_control-000\MPU6050_control\CortexM3\ARM_GCC_541\Debug\Listing Files\CyLib.lst</v>
<v>MPU6050_control-000\MPU6050_control\CortexM3\ARM_GCC_541\Debug\Listing Files\cymetadata.lst</v>
<v>MPU6050_control-000\MPU6050_control\CortexM3\ARM_GCC_541\Debug\Listing Files\cyPm.lst</v>
<v>MPU6050_control-000\MPU6050_control\CortexM3\ARM_GCC_541\Debug\Listing Files\CySpc.lst</v>
<v>MPU6050_control-000\MPU6050_control\CortexM3\ARM_GCC_541\Debug\Listing Files\cyutils.lst</v>
<v>MPU6050_control-000\MPU6050_control\CortexM3\ARM_GCC_541\Debug\Listing Files\I2C_MPU6050.lst</v>
<v>MPU6050_control-000\MPU6050_control\CortexM3\ARM_GCC_541\Debug\Listing Files\I2C_MPU6050_BOOT.lst</v>
<v>MPU6050_control-000\MPU6050_control\CortexM3\ARM_GCC_541\Debug\Listing Files\I2C_MPU6050_INT.lst</v>
<v>MPU6050_control-000\MPU6050_control\CortexM3\ARM_GCC_541\Debug\Listing Files\I2C_MPU6050_MASTER.lst</v>
<v>MPU6050_control-000\MPU6050_control\CortexM3\ARM_GCC_541\Debug\Listing Files\I2C_MPU6050_PM.lst</v>
<v>MPU6050_control-000\MPU6050_control\CortexM3\ARM_GCC_541\Debug\Listing Files\I2C_MPU6050_SLAVE.lst</v>
<v>MPU6050_control-000\MPU6050_control\CortexM3\ARM_GCC_541\Debug\Listing Files\i2cFunctions.lst</v>
<v>MPU6050_control-000\MPU6050_control\CortexM3\ARM_GCC_541\Debug\Listing Files\main.lst</v>
<v>MPU6050_control-000\MPU6050_control\CortexM3\ARM_GCC_541\Debug\Listing Files\mpu6050.lst</v>
<v>MPU6050_control-000\MPU6050_control\CortexM3\ARM_GCC_541\Debug\Listing Files\Pin_1.lst</v>
<v>MPU6050_control-000\MPU6050_control\CortexM3\ARM_GCC_541\Debug\Listing Files\SCL.lst</v>
<v>MPU6050_control-000\MPU6050_control\CortexM3\ARM_GCC_541\Debug\Listing Files\SDA.lst</v>
<v>MPU6050_control-000\MPU6050_control\CortexM3\ARM_GCC_541\Debug\Listing Files\SERIAL.lst</v>
<v>MPU6050_control-000\MPU6050_control\CortexM3\ARM_GCC_541\Debug\Listing Files\SERIAL_BOOT.lst</v>
<v>MPU6050_control-000\MPU6050_control\CortexM3\ARM_GCC_541\Debug\Listing Files\SERIAL_INT.lst</v>
<v>MPU6050_control-000\MPU6050_control\CortexM3\ARM_GCC_541\Debug\Listing Files\SERIAL_IntClock.lst</v>
<v>MPU6050_control-000\MPU6050_control\CortexM3\ARM_GCC_541\Debug\Listing Files\SERIAL_PM.lst</v>
<v>MPU6050_control-000\MPU6050_control\CortexM3\ARM_GCC_541\Debug\MPU6050_control.elf</v>
<v>MPU6050_control-000\MPU6050_control\CortexM3\ARM_GCC_541\Debug\MPU6050_control.hex</v>
<v>MPU6050_control-000\MPU6050_control\CortexM3\ARM_GCC_541\Debug\MPU6050_control.map</v>
<v>MPU6050_control-000\MPU6050_control\MPU6050_control.gpdsc</v>
<v>MPU6050_control-000\MPU6050_control\MPU6050_control.rpt</v>
<v>MPU6050_control-000\MPU6050_control\MPU6050_control_timing.html</v>
</ExpandedNodeIds>
<VisibleNodeIds>
<v>MPU6050_control-000</v>
<v>MPU6050_control-000\MPU6050_control</v>
<v>MPU6050_control-000\MPU6050_control\CortexM3</v>
<v>MPU6050_control-000\MPU6050_control\CortexM3\ARM_GCC_541</v>
<v>MPU6050_control-000\MPU6050_control\CortexM3\ARM_GCC_541\Debug</v>
<v>MPU6050_control-000\MPU6050_control\CortexM3\ARM_GCC_541\Debug\Listing Files</v>
<v>MPU6050_control-000\MPU6050_control\CortexM3\ARM_GCC_541\Debug\Listing Files\ADC.lst</v>
<v>MPU6050_control-000\MPU6050_control\CortexM3\ARM_GCC_541\Debug\Listing Files\ADC_INT.lst</v>
<v>MPU6050_control-000\MPU6050_control\CortexM3\ARM_GCC_541\Debug\Listing Files\ADC_IRQ.lst</v>
<v>MPU6050_control-000\MPU6050_control\CortexM3\ARM_GCC_541\Debug\Listing Files\ADC_PM.lst</v>
<v>MPU6050_control-000\MPU6050_control\CortexM3\ARM_GCC_541\Debug\Listing Files\ADC_theACLK.lst</v>
<v>MPU6050_control-000\MPU6050_control\CortexM3\ARM_GCC_541\Debug\Listing Files\Cm3Start.lst</v>
<v>MPU6050_control-000\MPU6050_control\CortexM3\ARM_GCC_541\Debug\Listing Files\cy_em_eeprom.lst</v>
<v>MPU6050_control-000\MPU6050_control\CortexM3\ARM_GCC_541\Debug\Listing Files\CyBootAsmGnu.lst</v>
<v>MPU6050_control-000\MPU6050_control\CortexM3\ARM_GCC_541\Debug\Listing Files\CyDmac.lst</v>
<v>MPU6050_control-000\MPU6050_control\CortexM3\ARM_GCC_541\Debug\Listing Files\cyfitter_cfg.lst</v>
<v>MPU6050_control-000\MPU6050_control\CortexM3\ARM_GCC_541\Debug\Listing Files\CyFlash.lst</v>
<v>MPU6050_control-000\MPU6050_control\CortexM3\ARM_GCC_541\Debug\Listing Files\CyLib.lst</v>
<v>MPU6050_control-000\MPU6050_control\CortexM3\ARM_GCC_541\Debug\Listing Files\cymetadata.lst</v>
<v>MPU6050_control-000\MPU6050_control\CortexM3\ARM_GCC_541\Debug\Listing Files\cyPm.lst</v>
<v>MPU6050_control-000\MPU6050_control\CortexM3\ARM_GCC_541\Debug\Listing Files\CySpc.lst</v>
<v>MPU6050_control-000\MPU6050_control\CortexM3\ARM_GCC_541\Debug\Listing Files\cyutils.lst</v>
<v>MPU6050_control-000\MPU6050_control\CortexM3\ARM_GCC_541\Debug\Listing Files\I2C_MPU6050.lst</v>
<v>MPU6050_control-000\MPU6050_control\CortexM3\ARM_GCC_541\Debug\Listing Files\I2C_MPU6050_BOOT.lst</v>
<v>MPU6050_control-000\MPU6050_control\CortexM3\ARM_GCC_541\Debug\Listing Files\I2C_MPU6050_INT.lst</v>
<v>MPU6050_control-000\MPU6050_control\CortexM3\ARM_GCC_541\Debug\Listing Files\I2C_MPU6050_MASTER.lst</v>
<v>MPU6050_control-000\MPU6050_control\CortexM3\ARM_GCC_541\Debug\Listing Files\I2C_MPU6050_PM.lst</v>
<v>MPU6050_control-000\MPU6050_control\CortexM3\ARM_GCC_541\Debug\Listing Files\I2C_MPU6050_SLAVE.lst</v>
<v>MPU6050_control-000\MPU6050_control\CortexM3\ARM_GCC_541\Debug\Listing Files\i2cFunctions.lst</v>
<v>MPU6050_control-000\MPU6050_control\CortexM3\ARM_GCC_541\Debug\Listing Files\main.lst</v>
<v>MPU6050_control-000\MPU6050_control\CortexM3\ARM_GCC_541\Debug\Listing Files\mpu6050.lst</v>
<v>MPU6050_control-000\MPU6050_control\CortexM3\ARM_GCC_541\Debug\Listing Files\Pin_1.lst</v>
<v>MPU6050_control-000\MPU6050_control\CortexM3\ARM_GCC_541\Debug\Listing Files\SCL.lst</v>
<v>MPU6050_control-000\MPU6050_control\CortexM3\ARM_GCC_541\Debug\Listing Files\SDA.lst</v>
<v>MPU6050_control-000\MPU6050_control\CortexM3\ARM_GCC_541\Debug\Listing Files\SERIAL.lst</v>
<v>MPU6050_control-000\MPU6050_control\CortexM3\ARM_GCC_541\Debug\Listing Files\SERIAL_BOOT.lst</v>
<v>MPU6050_control-000\MPU6050_control\CortexM3\ARM_GCC_541\Debug\Listing Files\SERIAL_INT.lst</v>
<v>MPU6050_control-000\MPU6050_control\CortexM3\ARM_GCC_541\Debug\Listing Files\SERIAL_IntClock.lst</v>
<v>MPU6050_control-000\MPU6050_control\CortexM3\ARM_GCC_541\Debug\Listing Files\SERIAL_PM.lst</v>
<v>MPU6050_control-000\MPU6050_control\CortexM3\ARM_GCC_541\Debug\MPU6050_control.elf</v>
<v>MPU6050_control-000\MPU6050_control\CortexM3\ARM_GCC_541\Debug\MPU6050_control.hex</v>
<v>MPU6050_control-000\MPU6050_control\CortexM3\ARM_GCC_541\Debug\MPU6050_control.map</v>
<v>MPU6050_control-000\MPU6050_control\MPU6050_control.gpdsc</v>
<v>MPU6050_control-000\MPU6050_control\MPU6050_control.rpt</v>
<v>MPU6050_control-000\MPU6050_control\MPU6050_control_timing.html</v>
</VisibleNodeIds>
</CyGuid_2a325b3b-c96a-4e9f-b7a0-2c44ecb5f237>
</TreeStates>
<TreeKeysV2>
<v>Datasheet</v>
</TreeKeysV2>
<TreeStatesV2>
<CyGuid_2a325b3b-c96a-4e9f-b7a0-2c44ecb5f237 type_name="CyDesigner.Common.Base.Controls.CyTreeViewState" version="1" SelectedNodeId="">
<ExpandedNodeIds>
<v>MPU6050_control-000</v>
<v>MPU6050_control-000\MPU6050_control</v>
<v>MPU6050_control-000\MPU6050_control\PSoC 5LP Architecture TRM</v>
<v>MPU6050_control-000\MPU6050_control\CY8C58LP Family Datasheet</v>
<v>MPU6050_control-000\MPU6050_control\System Reference Guides</v>
<v>MPU6050_control-000\MPU6050_control\System Reference Guides\cy_boot_v5_60</v>
<v>MPU6050_control-000\MPU6050_control\ADC_SAR_v3_0.pdf</v>
<v>MPU6050_control-000\MPU6050_control\cy_constant_v1_0.pdf</v>
<v>MPU6050_control-000\MPU6050_control\cy_pins_v2_20</v>
<v>MPU6050_control-000\MPU6050_control\cy_pins_v2_20\cy_pins_v2_20.pdf</v>
<v>MPU6050_control-000\MPU6050_control\I2C_v3_50.pdf</v>
<v>MPU6050_control-000\MPU6050_control\UART_v2_50.pdf</v>
</ExpandedNodeIds>
<VisibleNodeIds>
<v>MPU6050_control-000</v>
<v>MPU6050_control-000\MPU6050_control</v>
<v>MPU6050_control-000\MPU6050_control\PSoC 5LP Architecture TRM</v>
<v>MPU6050_control-000\MPU6050_control\CY8C58LP Family Datasheet</v>
<v>MPU6050_control-000\MPU6050_control\System Reference Guides</v>
<v>MPU6050_control-000\MPU6050_control\System Reference Guides\cy_boot_v5_60</v>
<v>MPU6050_control-000\MPU6050_control\ADC_SAR_v3_0.pdf</v>
<v>MPU6050_control-000\MPU6050_control\cy_constant_v1_0.pdf</v>
<v>MPU6050_control-000\MPU6050_control\cy_pins_v2_20</v>
<v>MPU6050_control-000\MPU6050_control\cy_pins_v2_20\cy_pins_v2_20.pdf</v>
<v>MPU6050_control-000\MPU6050_control\I2C_v3_50.pdf</v>
<v>MPU6050_control-000\MPU6050_control\UART_v2_50.pdf</v>
</VisibleNodeIds>
</CyGuid_2a325b3b-c96a-4e9f-b7a0-2c44ecb5f237>
</TreeStatesV2>
</CyGuid_1b906a0f-a7b6-4e4d-a428-82f98b53cb35>
</dataGuid>
</userData>
</CyGuid_fdba8dfd-b15b-4469-9bbb-9e40c3e70997>
<Unloaded />
<OpenDocs>
<name v=".\MPU6050_control.cydwr" />
<name v=".\main.c" />
</OpenDocs>
<OpenDocsLayout><![CDATA[<?xml version="1.0"?><!--

  Actipro Docking/MDI for WinForms
  Copyright (c) 2001-2016 Actipro Software LLC.  All rights reserved.
  http://www.actiprosoftware.com

--><DocumentLayout Version="1.0"><LayoutData><TabbedMdiRootContainer Orientation="Horizontal"><TabbedMdiContainer Size="1439, 711" SelectedTabbedMdiWindow="06c80a4a-6e5e-473d-911a-546a6641067a"><ToolWindow Key="Start Page:bd4649ab-da6b-4d04-a663-c722b8bf99db:Start Page" Guid="c3dcfa31-72fc-4e0a-b44f-97d08382ec0e" /><DocumentWindow Key="D:\Nube\Google_Drive\INGENIERA_INFORMATICA\DSE_SMP\DSE\MPU\JOSEMAMIGUE\MPU6050_control.cydsn\MPU6050_control.cydwr" Guid="4c06df78-8a80-4b84-9a00-aa3414e68d0c" /><DocumentWindow Key="D:\Nube\Google_Drive\INGENIERA_INFORMATICA\DSE_SMP\DSE\MPU\JOSEMAMIGUE\MPU6050_control.cydsn\main.c" Guid="06c80a4a-6e5e-473d-911a-546a6641067a" /></TabbedMdiContainer></TabbedMdiRootContainer><FloatingContainers /></LayoutData></DocumentLayout>]]></OpenDocsLayout>
<config v="" />
<AutoUpdate v="true" />
</CyGuid_843a90a4-0c4b-4e44-991d-05e7fb117a21>
</CyXmlSerializer>