<?xml version="1.0" encoding="utf-8"?>
<CyXmlSerializer>
<!--This file is machine generated and read. It is not intended to be edited by hand.-->
<!--Due to this, there is no schema for this file.-->
<CyGuid_7a7929f8-5e3b-4f86-a093-2d4ee6513111 type_name="CyDesigner.Common.ProjMgmt.Model.CyPrjMgmtProjectCustomData" version="1">
<CyGuid_fdba8dfd-b15b-4469-9bbb-9e40c3e70997 type_name="CyDesigner.Common.Base.CyCustomData" version="2">
<userData>
<dataGuid v="925cc1e1-309e-4e08-b0a1-09a83c35b157">
<CyGuid_925cc1e1-309e-4e08-b0a1-09a83c35b157 type_name="CyDesigner.Common.ProjMgmt.Model.CyPrjMgmtProjectPSoCExe+CyCodeGenDepUserInfo" version="1">
<deps_list>
<v>.\TopDesign\TopDesign.cysch</v>
<v>${CyRoot}\psoc\content\CyComponentLibrary\CyComponentLibrary.cylib\I2C_v3_50\I2C_Slave_DefaultPlacement.ctl</v>
<v>${CyRoot}\psoc\content\CyComponentLibrary\CyComponentLibrary.cylib\I2C_v3_50\I2C_v3_50.cycdx</v>
<v>${CyRoot}\psoc\content\CyComponentLibrary\CyComponentLibrary.cylib\I2C_v3_50\I2C_v3_50.cystate</v>
<v>${CyRoot}\psoc\content\CyComponentLibrary\CyComponentLibrary.cylib\I2C_v3_50\I2C_v3_50.cysym</v>
<v>${CyRoot}\psoc\content\CyComponentLibrary\CyComponentLibrary.cylib\I2C_v3_50\I2C_v3_50.pdf</v>
<v>${CyRoot}\psoc\content\CyComponentLibrary\CyComponentLibrary.cylib\I2C_v3_50\version.cypatch</v>
<v>${CyRoot}\psoc\content\CyComponentLibrary\CyComponentLibrary.cylib\I2C_v3_50</v>
<v>${CyRoot}\psoc\content\CyComponentLibrary\CyComponentLibrary.cylib\I2C_v3_50\API\I2C.c</v>
<v>${CyRoot}\psoc\content\CyComponentLibrary\CyComponentLibrary.cylib\I2C_v3_50\API\I2C.h</v>
<v>${CyRoot}\psoc\content\CyComponentLibrary\CyComponentLibrary.cylib\I2C_v3_50\API\I2C_BOOT.c</v>
<v>${CyRoot}\psoc\content\CyComponentLibrary\CyComponentLibrary.cylib\I2C_v3_50\API\I2C_INT.c</v>
<v>${CyRoot}\psoc\content\CyComponentLibrary\CyComponentLibrary.cylib\I2C_v3_50\API\I2C_PM.c</v>
<v>${CyRoot}\psoc\content\CyComponentLibrary\CyComponentLibrary.cylib\I2C_v3_50\API\I2C_TMOUT.c</v>
<v>${CyRoot}\psoc\content\CyComponentLibrary\CyComponentLibrary.cylib\I2C_v3_50\API\I2C_TMOUT_INT.c</v>
<v>${CyRoot}\psoc\content\CyComponentLibrary\CyComponentLibrary.cylib\I2C_v3_50\API\I2C_SLAVE.c</v>
<v>${CyRoot}\psoc\content\CyComponentLibrary\CyComponentLibrary.cylib\I2C_v3_50\API\I2C_MASTER.c</v>
<v>${CyRoot}\psoc\content\CyComponentLibrary\CyComponentLibrary.cylib\I2C_v3_50\API\I2C_PVT.h</v>
<v>${CyRoot}\psoc\content\CyComponentLibrary\CyComponentLibrary.cylib\I2C_v3_50\API\I2C_TMOUT.h</v>
<v>${CyRoot}\psoc\content\CyComponentLibrary\CyComponentLibrary.cylib\I2C_v3_50\Custom\cyclockreader.cs</v>
<v>${CyRoot}\psoc\content\CyComponentLibrary\CyComponentLibrary.cylib\I2C_v3_50\Custom\cydictparser.cs</v>
<v>${CyRoot}\psoc\content\CyComponentLibrary\CyComponentLibrary.cylib\I2C_v3_50\Custom\cydividercalculator.cs</v>
<v>${CyRoot}\psoc\content\CyComponentLibrary\CyComponentLibrary.cylib\I2C_v3_50\Custom\cyhexconvertor.cs</v>
<v>${CyRoot}\psoc\content\CyComponentLibrary\CyComponentLibrary.cylib\I2C_v3_50\Custom\cyi2c.cs</v>
<v>${CyRoot}\psoc\content\CyComponentLibrary\CyComponentLibrary.cylib\I2C_v3_50\Custom\cyi2cbasic.cs</v>
<v>${CyRoot}\psoc\content\CyComponentLibrary\CyComponentLibrary.cylib\I2C_v3_50\Custom\cyi2cbasic.designer.cs</v>
<v>${CyRoot}\psoc\content\CyComponentLibrary\CyComponentLibrary.cylib\I2C_v3_50\Custom\CyI2CBldrCustomizer.cs</v>
<v>${CyRoot}\psoc\content\CyComponentLibrary\CyComponentLibrary.cylib\I2C_v3_50\Custom\cyi2cparameters.cs</v>
<v>${CyRoot}\psoc\content\CyComponentLibrary\CyComponentLibrary.cylib\I2C_v3_50\Custom\Resource.Designer.cs</v>
<v>${CyRoot}\psoc\content\CyComponentLibrary\CyComponentLibrary.cylib\I2C_v3_50\Custom\cyadvancedconfigtab.cs</v>
<v>${CyRoot}\psoc\content\CyComponentLibrary\CyComponentLibrary.cylib\I2C_v3_50\Custom\cyadvancedconfigtab.Designer.cs</v>
<v>${CyRoot}\psoc\content\CyComponentLibrary\CyComponentLibrary.cylib\I2C_v3_50\Custom\cyi2cbasic.resx</v>
<v>${CyRoot}\psoc\content\CyComponentLibrary\CyComponentLibrary.cylib\I2C_v3_50\Custom\Resource.resx</v>
<v>${CyRoot}\psoc\content\CyComponentLibrary\CyComponentLibrary.cylib\I2C_v3_50\Custom\cyadvancedconfigtab.resx</v>
<v>${CyRoot}\psoc\content\CyComponentLibrary\CyComponentLibrary.cylib\I2C_v3_50\PSoC5\I2C_v3_50.cysch</v>
<v>${CyRoot}\psoc\content\CyPrimitives\cyprimitives.cylib\cy_virtualmux_v1_0\cy_virtualmux_v1_0.cysym</v>
<v>${CyRoot}\psoc\content\CyPrimitives\cyprimitives.cylib\cy_virtualmux_v1_0\cy_virtualmux_v1_0.pdf</v>
<v>${CyRoot}\psoc\content\CyPrimitives\cyprimitives.cylib\cy_virtualmux_v1_0\cy_virtualmux_v1_0.v</v>
<v>${CyRoot}\psoc\content\CyPrimitives\cyprimitives.cylib\cy_virtualmux_v1_0\version.cypatch</v>
<v>${CyRoot}\psoc\content\CyPrimitives\cyprimitives.cylib\cy_virtualmux_v1_0\Custom\custom.cs</v>
<v>${CyRoot}\psoc\content\CyPrimitives\cyprimitives.cylib\cy_isr_v1_70\cy_isr_v1_70.cysym</v>
<v>${CyRoot}\psoc\content\CyPrimitives\cyprimitives.cylib\cy_isr_v1_70\cy_isr_v1_70.pdf</v>
<v>${CyRoot}\psoc\content\CyPrimitives\cyprimitives.cylib\cy_isr_v1_70\cy_isr_v1_70.primitive</v>
<v>${CyRoot}\psoc\content\CyPrimitives\cyprimitives.cylib\cy_isr_v1_70\cy_isr_v1_70.cystate</v>
<v>${CyRoot}\psoc\content\CyPrimitives\cyprimitives.cylib\cy_isr_v1_70\version.cypatch</v>
<v>${CyRoot}\psoc\content\CyPrimitives\cyprimitives.cylib\cy_isr_v1_70\Custom\custom.cs</v>
<v>${CyRoot}\psoc\content\CyPrimitives\cyprimitives.cylib\cy_isr_v1_70\PSoC5\API\intc.c</v>
<v>${CyRoot}\psoc\content\CyPrimitives\cyprimitives.cylib\cy_isr_v1_70\PSoC5\API\intc.h</v>
<v>${CyRoot}\psoc\content\CyPrimitives\cyprimitives.cylib\cy_psoc3_i2c_v1_0\cy_psoc3_i2c_v1_0.cyprimitive</v>
<v>${CyRoot}\psoc\content\CyPrimitives\cyprimitives.cylib\cy_psoc3_i2c_v1_0\cy_psoc3_i2c_v1_0.cysym</v>
<v>${CyRoot}\psoc\content\CyPrimitives\cyprimitives.cylib\OneTerminal\OneTerminal.cysym</v>
<v>${CyRoot}\psoc\content\CyPrimitives\cyprimitives.cylib\OneTerminal\OneTerminal.pdf</v>
<v>${CyRoot}\psoc\content\CyPrimitives\cyprimitives.cylib\OneTerminal\OneTerminal.v</v>
<v>${CyRoot}\psoc\content\CyPrimitives\cyprimitives.cylib\OneTerminal\version.cypatch</v>
<v>${CyRoot}\psoc\content\CyPrimitives\cyprimitives.cylib\cy_clock_v2_20\cy_clock_v2_20.cyprimitive</v>
<v>${CyRoot}\psoc\content\CyPrimitives\cyprimitives.cylib\cy_clock_v2_20\cy_clock_v2_20.cysym</v>
<v>${CyRoot}\psoc\content\CyPrimitives\cyprimitives.cylib\cy_clock_v2_20\cy_clock_v2_20.pdf</v>
<v>${CyRoot}\psoc\content\CyPrimitives\cyprimitives.cylib\cy_clock_v2_20\cy_clock_v2_20.cystate</v>
<v>${CyRoot}\psoc\content\CyPrimitives\cyprimitives.cylib\cy_clock_v2_20\version.cypatch</v>
<v>${CyRoot}\psoc\content\CyPrimitives\cyprimitives.cylib\cy_clock_v2_20\API\clk.c</v>
<v>${CyRoot}\psoc\content\CyPrimitives\cyprimitives.cylib\cy_clock_v2_20\API\clk.h</v>
<v>${CyRoot}\psoc\content\CyPrimitives\cyprimitives.cylib\cy_clock_v2_20\Custom\custom.cs</v>
<v>${CyRoot}\psoc\content\CyPrimitives\cyprimitives.cylib\or_v1_0\or_v1_0.cysym</v>
<v>${CyRoot}\psoc\content\CyPrimitives\cyprimitives.cylib\or_v1_0\or_v1_0.pdf</v>
<v>${CyRoot}\psoc\content\CyPrimitives\cyprimitives.cylib\or_v1_0\or_v1_0.v</v>
<v>${CyRoot}\psoc\content\CyPrimitives\cyprimitives.cylib\or_v1_0\version.cypatch</v>
<v>${CyRoot}\psoc\content\CyPrimitives\cyprimitives.cylib\or_v1_0\Custom\custom.cs</v>
<v>${CyRoot}\psoc\content\CyPrimitives\cyprimitives.cylib\ZeroTerminal\ZeroTerminal.cysym</v>
<v>${CyRoot}\psoc\content\CyPrimitives\cyprimitives.cylib\ZeroTerminal\ZeroTerminal.pdf</v>
<v>${CyRoot}\psoc\content\CyPrimitives\cyprimitives.cylib\ZeroTerminal\ZeroTerminal.v</v>
<v>${CyRoot}\psoc\content\CyPrimitives\cyprimitives.cylib\ZeroTerminal\version.cypatch</v>
<v>${CyRoot}\psoc\content\CyPrimitives\cyprimitives.cylib\cy_bufoe_v1_10\cy_bufoe_v1_10.cyprimitive</v>
<v>${CyRoot}\psoc\content\CyPrimitives\cyprimitives.cylib\cy_bufoe_v1_10\cy_bufoe_v1_10.cysym</v>
<v>${CyRoot}\psoc\content\CyPrimitives\cyprimitives.cylib\cy_bufoe_v1_10\cy_bufoe_v1_10.pdf</v>
<v>${CyRoot}\psoc\content\CyPrimitives\cyprimitives.cylib\cy_bufoe_v1_10\version.cypatch</v>
<v>${CyRoot}\psoc\content\CyPrimitives\cyprimitives.cylib\cy_bufoe_v1_10\Custom\custom.cs</v>
<v>${CyRoot}\psoc\content\CyPrimitives\cyprimitives.cylib\cy_pins_v2_20\cy_pins_v2_20.cysym</v>
<v>${CyRoot}\psoc\content\CyPrimitives\cyprimitives.cylib\cy_pins_v2_20\cy_pins_v2_20.pdf</v>
<v>${CyRoot}\psoc\content\CyPrimitives\cyprimitives.cylib\cy_pins_v2_20\cy_pins_v2_20.cystate</v>
<v>${CyRoot}\psoc\content\CyPrimitives\cyprimitives.cylib\cy_pins_v2_20\cy_pins_v2_20.cyprimitive</v>
<v>${CyRoot}\psoc\content\CyPrimitives\cyprimitives.cylib\cy_pins_v2_20\version.cypatch</v>
<v>${CyRoot}\psoc\content\CyPrimitives\cyprimitives.cylib\cy_pins_v2_20</v>
<v>${CyRoot}\psoc\content\CyPrimitives\cyprimitives.cylib\cy_pins_v2_20\Custom\custom.cs</v>
<v>${CyRoot}\psoc\content\CyPrimitives\cyprimitives.cylib\cy_pins_v2_20\Custom\cyenums.cs</v>
<v>${CyRoot}\psoc\content\CyPrimitives\cyprimitives.cylib\cy_pins_v2_20\Custom\cypinsdata.cs</v>
<v>${CyRoot}\psoc\content\CyPrimitives\cyprimitives.cylib\cy_pins_v2_20\Custom\cypinpicture.cs</v>
<v>${CyRoot}\psoc\content\CyPrimitives\cyprimitives.cylib\cy_pins_v2_20\Custom\cypinutils.cs</v>
<v>${CyRoot}\psoc\content\CyPrimitives\cyprimitives.cylib\cy_pins_v2_20\Custom\cygeneralcontrol.cs</v>
<v>${CyRoot}\psoc\content\CyPrimitives\cyprimitives.cylib\cy_pins_v2_20\Custom\cygeneralcontrol.Designer.cs</v>
<v>${CyRoot}\psoc\content\CyPrimitives\cyprimitives.cylib\cy_pins_v2_20\Custom\cyinputcontrol.cs</v>
<v>${CyRoot}\psoc\content\CyPrimitives\cyprimitives.cylib\cy_pins_v2_20\Custom\cyinputcontrol.Designer.cs</v>
<v>${CyRoot}\psoc\content\CyPrimitives\cyprimitives.cylib\cy_pins_v2_20\Custom\cymappingcontrol.cs</v>
<v>${CyRoot}\psoc\content\CyPrimitives\cyprimitives.cylib\cy_pins_v2_20\Custom\cymappingcontrol.Designer.cs</v>
<v>${CyRoot}\psoc\content\CyPrimitives\cyprimitives.cylib\cy_pins_v2_20\Custom\cyoutputcontrol.cs</v>
<v>${CyRoot}\psoc\content\CyPrimitives\cyprimitives.cylib\cy_pins_v2_20\Custom\cyoutputcontrol.Designer.cs</v>
<v>${CyRoot}\psoc\content\CyPrimitives\cyprimitives.cylib\cy_pins_v2_20\Custom\cypinaliasdialog.cs</v>
<v>${CyRoot}\psoc\content\CyPrimitives\cyprimitives.cylib\cy_pins_v2_20\Custom\cypinaliasdialog.Designer.cs</v>
<v>${CyRoot}\psoc\content\CyPrimitives\cyprimitives.cylib\cy_pins_v2_20\Custom\cypinscontrol.cs</v>
<v>${CyRoot}\psoc\content\CyPrimitives\cyprimitives.cylib\cy_pins_v2_20\Custom\cypinscontrol.Designer.cs</v>
<v>${CyRoot}\psoc\content\CyPrimitives\cyprimitives.cylib\cy_pins_v2_20\Custom\cyporcontrol.cs</v>
<v>${CyRoot}\psoc\content\CyPrimitives\cyprimitives.cylib\cy_pins_v2_20\Custom\cyporcontrol.Designer.cs</v>
<v>${CyRoot}\psoc\content\CyPrimitives\cyprimitives.cylib\cy_pins_v2_20\Custom\Resource1.Designer.cs</v>
<v>${CyRoot}\psoc\content\CyPrimitives\cyprimitives.cylib\cy_pins_v2_20\Custom\cyclockingcontrol.cs</v>
<v>${CyRoot}\psoc\content\CyPrimitives\cyprimitives.cylib\cy_pins_v2_20\Custom\cyclockingcontrol.Designer.cs</v>
<v>${CyRoot}\psoc\content\CyPrimitives\cyprimitives.cylib\cy_pins_v2_20\Custom\cygeneralcontrol.resx</v>
<v>${CyRoot}\psoc\content\CyPrimitives\cyprimitives.cylib\cy_pins_v2_20\Custom\cyinputcontrol.resx</v>
<v>${CyRoot}\psoc\content\CyPrimitives\cyprimitives.cylib\cy_pins_v2_20\Custom\cymappingcontrol.resx</v>
<v>${CyRoot}\psoc\content\CyPrimitives\cyprimitives.cylib\cy_pins_v2_20\Custom\cyoutputcontrol.resx</v>
<v>${CyRoot}\psoc\content\CyPrimitives\cyprimitives.cylib\cy_pins_v2_20\Custom\cypinaliasdialog.resx</v>
<v>${CyRoot}\psoc\content\CyPrimitives\cyprimitives.cylib\cy_pins_v2_20\Custom\cypinscontrol.resx</v>
<v>${CyRoot}\psoc\content\CyPrimitives\cyprimitives.cylib\cy_pins_v2_20\Custom\cyporcontrol.resx</v>
<v>${CyRoot}\psoc\content\CyPrimitives\cyprimitives.cylib\cy_pins_v2_20\Custom\Resource1.resx</v>
<v>${CyRoot}\psoc\content\CyPrimitives\cyprimitives.cylib\cy_pins_v2_20\Custom\cyclockingcontrol.resx</v>
<v>${CyRoot}\psoc\content\CyPrimitives\cyprimitives.cylib\cy_pins_v2_20\PSoC5\API\aliases.h</v>
<v>${CyRoot}\psoc\content\CyPrimitives\cyprimitives.cylib\cy_pins_v2_20\PSoC5\API\pins.c</v>
<v>${CyRoot}\psoc\content\CyPrimitives\cyprimitives.cylib\cy_pins_v2_20\PSoC5\API\pins.h</v>
<v>${CyRoot}\psoc\content\CyComponentLibrary\CyComponentLibrary.cylib\UART_v2_50\UART_v2_50.cysch</v>
<v>${CyRoot}\psoc\content\CyComponentLibrary\CyComponentLibrary.cylib\UART_v2_50\UART_v2_50.cysym</v>
<v>${CyRoot}\psoc\content\CyComponentLibrary\CyComponentLibrary.cylib\UART_v2_50\UART_v2_50.pdf</v>
<v>${CyRoot}\psoc\content\CyComponentLibrary\CyComponentLibrary.cylib\UART_v2_50\UART_v2_50.cystate</v>
<v>${CyRoot}\psoc\content\CyComponentLibrary\CyComponentLibrary.cylib\UART_v2_50\UART_v2_50.cycdx</v>
<v>${CyRoot}\psoc\content\CyComponentLibrary\CyComponentLibrary.cylib\UART_v2_50\version.cypatch</v>
<v>${CyRoot}\psoc\content\CyComponentLibrary\CyComponentLibrary.cylib\UART_v2_50</v>
<v>${CyRoot}\psoc\content\CyComponentLibrary\CyComponentLibrary.cylib\UART_v2_50\API\UART.c</v>
<v>${CyRoot}\psoc\content\CyComponentLibrary\CyComponentLibrary.cylib\UART_v2_50\API\UART.h</v>
<v>${CyRoot}\psoc\content\CyComponentLibrary\CyComponentLibrary.cylib\UART_v2_50\API\UART_PM.c</v>
<v>${CyRoot}\psoc\content\CyComponentLibrary\CyComponentLibrary.cylib\UART_v2_50\API\UARTINT.c</v>
<v>${CyRoot}\psoc\content\CyComponentLibrary\CyComponentLibrary.cylib\UART_v2_50\API\UART_BOOT.c</v>
<v>${CyRoot}\psoc\content\CyComponentLibrary\CyComponentLibrary.cylib\UART_v2_50\Custom\cyuartadvancedcontrol.cs</v>
<v>${CyRoot}\psoc\content\CyComponentLibrary\CyComponentLibrary.cylib\UART_v2_50\Custom\cyuartadvancedcontrol.Designer.cs</v>
<v>${CyRoot}\psoc\content\CyComponentLibrary\CyComponentLibrary.cylib\UART_v2_50\Custom\cyuartcontrol.cs</v>
<v>${CyRoot}\psoc\content\CyComponentLibrary\CyComponentLibrary.cylib\UART_v2_50\Custom\cyuartcontrol.Designer.cs</v>
<v>${CyRoot}\psoc\content\CyComponentLibrary\CyComponentLibrary.cylib\UART_v2_50\Custom\cyuartcustomizer.cs</v>
<v>${CyRoot}\psoc\content\CyComponentLibrary\CyComponentLibrary.cylib\UART_v2_50\Custom\cyuartparameters.cs</v>
<v>${CyRoot}\psoc\content\CyComponentLibrary\CyComponentLibrary.cylib\UART_v2_50\Custom\Resources.Designer.cs</v>
<v>${CyRoot}\psoc\content\CyComponentLibrary\CyComponentLibrary.cylib\UART_v2_50\Custom\cyuartadvancedcontrol.resx</v>
<v>${CyRoot}\psoc\content\CyComponentLibrary\CyComponentLibrary.cylib\UART_v2_50\Custom\cyuartcontrol.resx</v>
<v>${CyRoot}\psoc\content\CyComponentLibrary\CyComponentLibrary.cylib\UART_v2_50\Custom\Resources.resx</v>
<v>${CyRoot}\psoc\content\CyComponentLibrary\CyComponentLibrary.cylib\B_UART_v2_50\B_UART_v2_50.cysym</v>
<v>${CyRoot}\psoc\content\CyComponentLibrary\CyComponentLibrary.cylib\B_UART_v2_50\B_UART_v2_50.v</v>
<v>${CyRoot}\psoc\content\CyPrimitives\cyprimitives.cylib\cy_constant_v1_0\cy_constant_v1_0.cysym</v>
<v>${CyRoot}\psoc\content\CyPrimitives\cyprimitives.cylib\cy_constant_v1_0\cy_constant_v1_0.v</v>
<v>${CyRoot}\psoc\content\CyPrimitives\cyprimitives.cylib\cy_constant_v1_0\cy_constant_v1_0.cystate</v>
<v>${CyRoot}\psoc\content\CyPrimitives\cyprimitives.cylib\cy_constant_v1_0\cy_constant_v1_0.pdf</v>
<v>${CyRoot}\psoc\content\CyPrimitives\cyprimitives.cylib\cy_constant_v1_0\version.cypatch</v>
<v>${CyRoot}\psoc\content\CyPrimitives\cyprimitives.cylib\cy_constant_v1_0</v>
<v>${CyRoot}\psoc\content\CyPrimitives\cyprimitives.cylib\cy_constant_v1_0\Custom\custom.cs</v>
<v>${CyRoot}\psoc\content\CyComponentLibrary\CyComponentLibrary.cylib\ADC_SAR_v3_0\ADC_SAR_v3_0.cysym</v>
<v>${CyRoot}\psoc\content\CyComponentLibrary\CyComponentLibrary.cylib\ADC_SAR_v3_0\ADC_SAR_v3_0.pdf</v>
<v>${CyRoot}\psoc\content\CyComponentLibrary\CyComponentLibrary.cylib\ADC_SAR_v3_0\ADC_SAR_v3_0.cycdx</v>
<v>${CyRoot}\psoc\content\CyComponentLibrary\CyComponentLibrary.cylib\ADC_SAR_v3_0\ADC_SAR_v3_0.cystate</v>
<v>${CyRoot}\psoc\content\CyComponentLibrary\CyComponentLibrary.cylib\ADC_SAR_v3_0\version.cypatch</v>
<v>${CyRoot}\psoc\content\CyComponentLibrary\CyComponentLibrary.cylib\ADC_SAR_v3_0\Custom\cyadcsarcontrol.cs</v>
<v>${CyRoot}\psoc\content\CyComponentLibrary\CyComponentLibrary.cylib\ADC_SAR_v3_0\Custom\cyadcsarcontrol.designer.cs</v>
<v>${CyRoot}\psoc\content\CyComponentLibrary\CyComponentLibrary.cylib\ADC_SAR_v3_0\Custom\cyadcsarcustomizer.cs</v>
<v>${CyRoot}\psoc\content\CyComponentLibrary\CyComponentLibrary.cylib\ADC_SAR_v3_0\Custom\cyadcsarparameters.cs</v>
<v>${CyRoot}\psoc\content\CyComponentLibrary\CyComponentLibrary.cylib\ADC_SAR_v3_0\Custom\cydictparser.cs</v>
<v>${CyRoot}\psoc\content\CyComponentLibrary\CyComponentLibrary.cylib\ADC_SAR_v3_0\Custom\cyclockreader.cs</v>
<v>${CyRoot}\psoc\content\CyComponentLibrary\CyComponentLibrary.cylib\ADC_SAR_v3_0\Custom\Resources.Designer.cs</v>
<v>${CyRoot}\psoc\content\CyComponentLibrary\CyComponentLibrary.cylib\ADC_SAR_v3_0\Custom\cyadcsarcontrol.resx</v>
<v>${CyRoot}\psoc\content\CyComponentLibrary\CyComponentLibrary.cylib\ADC_SAR_v3_0\Custom\Resources.resx</v>
<v>${CyRoot}\psoc\content\CyComponentLibrary\CyComponentLibrary.cylib\ADC_SAR_v3_0\PSoC5\ADC_SAR_v3_0.cydmacap</v>
<v>${CyRoot}\psoc\content\CyComponentLibrary\CyComponentLibrary.cylib\ADC_SAR_v3_0\PSoC5\ADC_SAR_v3_0.cysch</v>
<v>${CyRoot}\psoc\content\CyComponentLibrary\CyComponentLibrary.cylib\ADC_SAR_v3_0\PSoC5\API\ADC_SAR.c</v>
<v>${CyRoot}\psoc\content\CyComponentLibrary\CyComponentLibrary.cylib\ADC_SAR_v3_0\PSoC5\API\ADC_SAR.h</v>
<v>${CyRoot}\psoc\content\CyComponentLibrary\CyComponentLibrary.cylib\ADC_SAR_v3_0\PSoC5\API\ADC_SAR_INT.c</v>
<v>${CyRoot}\psoc\content\CyComponentLibrary\CyComponentLibrary.cylib\ADC_SAR_v3_0\PSoC5\API\ADC_SAR_PM.c</v>
<v>${CyRoot}\psoc\content\CyPrimitives\cyprimitives.cylib\cy_analog_virtualmux_v1_0\cy_analog_virtualmux_v1_0.cysym</v>
<v>${CyRoot}\psoc\content\CyPrimitives\cyprimitives.cylib\cy_analog_virtualmux_v1_0\cy_analog_virtualmux_v1_0.pdf</v>
<v>${CyRoot}\psoc\content\CyPrimitives\cyprimitives.cylib\cy_analog_virtualmux_v1_0\cy_analog_virtualmux_v1_0.v</v>
<v>${CyRoot}\psoc\content\CyPrimitives\cyprimitives.cylib\cy_analog_virtualmux_v1_0\version.cypatch</v>
<v>${CyRoot}\psoc\content\CyPrimitives\cyprimitives.cylib\cy_analog_virtualmux_v1_0\Custom\cy_analog_virtualmux_v1_0.cs</v>
<v>${CyRoot}\psoc\content\CyPrimitives\cyprimitives.cylib\cy_clock_v2_10\cy_clock_v2_10.cyprimitive</v>
<v>${CyRoot}\psoc\content\CyPrimitives\cyprimitives.cylib\cy_clock_v2_10\cy_clock_v2_10.cysym</v>
<v>${CyRoot}\psoc\content\CyPrimitives\cyprimitives.cylib\cy_clock_v2_10\cy_clock_v2_10.pdf</v>
<v>${CyRoot}\psoc\content\CyPrimitives\cyprimitives.cylib\cy_clock_v2_10\cy_clock_v2_10.cystate</v>
<v>${CyRoot}\psoc\content\CyPrimitives\cyprimitives.cylib\cy_clock_v2_10\version.cypatch</v>
<v>${CyRoot}\psoc\content\CyPrimitives\cyprimitives.cylib\cy_clock_v2_10\API\clk.c</v>
<v>${CyRoot}\psoc\content\CyPrimitives\cyprimitives.cylib\cy_clock_v2_10\API\clk.h</v>
<v>${CyRoot}\psoc\content\CyPrimitives\cyprimitives.cylib\cy_clock_v2_10\Custom\custom.cs</v>
<v>${CyRoot}\psoc\content\CyPrimitives\cyprimitives.cylib\cy_psoc5_sar_v2_0\cy_psoc5_sar_v2_0.cyprimitive</v>
<v>${CyRoot}\psoc\content\CyPrimitives\cyprimitives.cylib\cy_psoc5_sar_v2_0\cy_psoc5_sar_v2_0.cysym</v>
<v>${CyRoot}\psoc\content\CyPrimitives\cyprimitives.cylib\cy_analog_noconnect_v1_0\cy_analog_noconnect_v1_0.cysym</v>
<v>${CyRoot}\psoc\content\CyPrimitives\cyprimitives.cylib\cy_analog_noconnect_v1_0\cy_analog_noconnect_v1_0.pdf</v>
<v>${CyRoot}\psoc\content\CyPrimitives\cyprimitives.cylib\cy_analog_noconnect_v1_0\cy_analog_noconnect_v1_0.primitive</v>
<v>${CyRoot}\psoc\content\CyPrimitives\cyprimitives.cylib\cy_analog_noconnect_v1_0\version.cypatch</v>
<v>${CyRoot}\psoc\content\CyPrimitives\cyprimitives.cylib\cy_analog_noconnect_v1_0\Custom\custom.cs</v>
<v>${CyRoot}\psoc\content\CyPrimitives\cyprimitives.cylib\cy_vref_v1_60\cy_vref_v1_60.cyprimitive</v>
<v>${CyRoot}\psoc\content\CyPrimitives\cyprimitives.cylib\cy_vref_v1_60\cy_vref_v1_60.cysym</v>
<v>${CyRoot}\psoc\content\CyPrimitives\cyprimitives.cylib\cy_vref_v1_60\cy_vref_v1_60.pdf</v>
<v>${CyRoot}\psoc\content\CyPrimitives\cyprimitives.cylib\cy_vref_v1_60\cy_vref_v1_60.v</v>
<v>${CyRoot}\psoc\content\CyPrimitives\cyprimitives.cylib\cy_vref_v1_60\cy_vref_v1_60.cystate</v>
<v>${CyRoot}\psoc\content\CyPrimitives\cyprimitives.cylib\cy_vref_v1_60\version.cypatch</v>
<v>${CyRoot}\psoc\content\CyPrimitives\cyprimitives.cylib\cy_vref_v1_60\Custom\custom.cs</v>
<v>${CyRoot}\psoc\content\CyPrimitives\cyprimitives.cylib\cy_vref_v1_60\Custom\cyvrefidcontrol.cs</v>
<v>${CyRoot}\psoc\content\CyPrimitives\cyprimitives.cylib\cy_vref_v1_60\Custom\cyvrefidcontrol.Designer.cs</v>
<v>${CyRoot}\psoc\content\CyPrimitives\cyprimitives.cylib\cy_vref_v1_60\Custom\cyvrefidcontrol.resx</v>
<v>.\MPU6050_control.cydwr</v>
<v>${CyRoot}\psoc\content\CyComponentLibrary\CyComponentLibrary.cylib\cy_boot_v5_60\PSoC5\API\cm3gcc.ld</v>
<v>${CyRoot}\psoc\content\CyComponentLibrary\CyComponentLibrary.cylib\cy_boot_v5_60\PSoC5\API\Cm3RealView.scat</v>
<v>${CyRoot}\psoc\content\CyComponentLibrary\CyComponentLibrary.cylib\cy_boot_v5_60\PSoC5\API\Cm3Start.c</v>
<v>${CyRoot}\psoc\content\CyComponentLibrary\CyComponentLibrary.cylib\cy_boot_v5_60\PSoC5\API\core_cm3.h</v>
<v>${CyRoot}\psoc\content\CyComponentLibrary\CyComponentLibrary.cylib\cy_boot_v5_60\PSoC5\API\core_cm3_psoc5.h</v>
<v>${CyRoot}\psoc\content\CyComponentLibrary\CyComponentLibrary.cylib\cy_boot_v5_60\PSoC5\API\CyBootAsmGnu.s</v>
<v>${CyRoot}\psoc\content\CyComponentLibrary\CyComponentLibrary.cylib\cy_boot_v5_60\PSoC5\API\CyBootAsmRv.s</v>
<v>${CyRoot}\psoc\content\CyComponentLibrary\CyComponentLibrary.cylib\cy_boot_v5_60\PSoC5\API\CyDmac.c</v>
<v>${CyRoot}\psoc\content\CyComponentLibrary\CyComponentLibrary.cylib\cy_boot_v5_60\PSoC5\API\CyDmac.h</v>
<v>${CyRoot}\psoc\content\CyComponentLibrary\CyComponentLibrary.cylib\cy_boot_v5_60\PSoC5\API\CyFlash.c</v>
<v>${CyRoot}\psoc\content\CyComponentLibrary\CyComponentLibrary.cylib\cy_boot_v5_60\PSoC5\API\CyFlash.h</v>
<v>${CyRoot}\psoc\content\CyComponentLibrary\CyComponentLibrary.cylib\cy_boot_v5_60\PSoC5\API\CyLib.c</v>
<v>${CyRoot}\psoc\content\CyComponentLibrary\CyComponentLibrary.cylib\cy_boot_v5_60\PSoC5\API\CyLib.h</v>
<v>${CyRoot}\psoc\content\CyComponentLibrary\CyComponentLibrary.cylib\cy_boot_v5_60\PSoC5\API\cypins.h</v>
<v>${CyRoot}\psoc\content\CyComponentLibrary\CyComponentLibrary.cylib\cy_boot_v5_60\PSoC5\API\cyPm.c</v>
<v>${CyRoot}\psoc\content\CyComponentLibrary\CyComponentLibrary.cylib\cy_boot_v5_60\PSoC5\API\cyPm.h</v>
<v>${CyRoot}\psoc\content\CyComponentLibrary\CyComponentLibrary.cylib\cy_boot_v5_60\PSoC5\API\CySpc.c</v>
<v>${CyRoot}\psoc\content\CyComponentLibrary\CyComponentLibrary.cylib\cy_boot_v5_60\PSoC5\API\CySpc.h</v>
<v>${CyRoot}\psoc\content\CyComponentLibrary\CyComponentLibrary.cylib\cy_boot_v5_60\PSoC5\API\cytypes.h</v>
<v>${CyRoot}\psoc\content\CyComponentLibrary\CyComponentLibrary.cylib\cy_boot_v5_60\PSoC5\API\cyutils.c</v>
<v>${CyRoot}\psoc\content\CyComponentLibrary\CyComponentLibrary.cylib\cy_boot_v5_60\PSoC5\API\core_cmFunc.h</v>
<v>${CyRoot}\psoc\content\CyComponentLibrary\CyComponentLibrary.cylib\cy_boot_v5_60\PSoC5\API\core_cmInstr.h</v>
<v>${CyRoot}\psoc\content\CyComponentLibrary\CyComponentLibrary.cylib\cy_boot_v5_60\PSoC5\API\Cm3Iar.icf</v>
<v>${CyRoot}\psoc\content\CyComponentLibrary\CyComponentLibrary.cylib\cy_boot_v5_60\PSoC5\API\CyBootAsmIar.s</v>
<v>${CyRoot}\psoc\content\CyComponentLibrary\CyComponentLibrary.cylib\cy_boot_v5_60\PSoC5\API\cmsis_armcc.h</v>
<v>${CyRoot}\psoc\content\CyComponentLibrary\CyComponentLibrary.cylib\cy_boot_v5_60\PSoC5\API\cmsis_gcc.h</v>
<v>${CyRoot}\psoc\content\CyComponentLibrary\CyComponentLibrary.cylib\cy_boot_v5_60\PSoC5\API\cmsis_compiler.h</v>
<v>${CyRoot}\psoc\content\CyComponentLibrary\CyComponentLibrary.cylib\Em_EEPROM_Dynamic_v2_0\API\cy_em_eeprom.c</v>
<v>${CyRoot}\psoc\content\CyComponentLibrary\CyComponentLibrary.cylib\Em_EEPROM_Dynamic_v2_0\API\cy_em_eeprom.h</v>
</deps_list>
<gen_list>
<v>Generated_Source\PSoC5\cyfitter_cfg.h</v>
<v>Generated_Source\PSoC5\cyfitter_cfg.c</v>
<v>Generated_Source\PSoC5\config.hex</v>
<v>Generated_Source\PSoC5\cymetadata.c</v>
<v>Generated_Source\PSoC5\cydevice.h</v>
<v>Generated_Source\PSoC5\cydevicegnu.inc</v>
<v>Generated_Source\PSoC5\cydevicerv.inc</v>
<v>Generated_Source\PSoC5\cydeviceiar.inc</v>
<v>Generated_Source\PSoC5\cydevice_trm.h</v>
<v>Generated_Source\PSoC5\cydevicegnu_trm.inc</v>
<v>Generated_Source\PSoC5\cydevicerv_trm.inc</v>
<v>Generated_Source\PSoC5\cydeviceiar_trm.inc</v>
<v>Generated_Source\PSoC5\cyfittergnu.inc</v>
<v>Generated_Source\PSoC5\cyfitterrv.inc</v>
<v>Generated_Source\PSoC5\cyfitteriar.inc</v>
<v>Generated_Source\PSoC5\cyfitter.h</v>
<v>Generated_Source\PSoC5\cydisabledsheets.h</v>
<v>Generated_Source\PSoC5\I2C_MPU6050.c</v>
<v>Generated_Source\PSoC5\I2C_MPU6050.h</v>
<v>Generated_Source\PSoC5\I2C_MPU6050_BOOT.c</v>
<v>Generated_Source\PSoC5\I2C_MPU6050_INT.c</v>
<v>Generated_Source\PSoC5\I2C_MPU6050_PM.c</v>
<v>Generated_Source\PSoC5\I2C_MPU6050_SLAVE.c</v>
<v>Generated_Source\PSoC5\I2C_MPU6050_MASTER.c</v>
<v>Generated_Source\PSoC5\I2C_MPU6050_PVT.h</v>
<v>Generated_Source\PSoC5\SDA_aliases.h</v>
<v>Generated_Source\PSoC5\SDA.c</v>
<v>Generated_Source\PSoC5\SDA.h</v>
<v>Generated_Source\PSoC5\SCL_aliases.h</v>
<v>Generated_Source\PSoC5\SCL.c</v>
<v>Generated_Source\PSoC5\SCL.h</v>
<v>Generated_Source\PSoC5\SERIAL.c</v>
<v>Generated_Source\PSoC5\SERIAL.h</v>
<v>Generated_Source\PSoC5\SERIAL_PM.c</v>
<v>Generated_Source\PSoC5\SERIAL_INT.c</v>
<v>Generated_Source\PSoC5\SERIAL_BOOT.c</v>
<v>Generated_Source\PSoC5\ADC.c</v>
<v>Generated_Source\PSoC5\ADC.h</v>
<v>Generated_Source\PSoC5\ADC_INT.c</v>
<v>Generated_Source\PSoC5\ADC_PM.c</v>
<v>Generated_Source\PSoC5\Pin_1_aliases.h</v>
<v>Generated_Source\PSoC5\Pin_1.c</v>
<v>Generated_Source\PSoC5\Pin_1.h</v>
<v>Generated_Source\PSoC5\SERIAL_IntClock.c</v>
<v>Generated_Source\PSoC5\SERIAL_IntClock.h</v>
<v>Generated_Source\PSoC5\ADC_IRQ.c</v>
<v>Generated_Source\PSoC5\ADC_IRQ.h</v>
<v>Generated_Source\PSoC5\ADC_theACLK.c</v>
<v>Generated_Source\PSoC5\ADC_theACLK.h</v>
<v>Generated_Source\PSoC5\cm3gcc.ld</v>
<v>Generated_Source\PSoC5\Cm3RealView.scat</v>
<v>Generated_Source\PSoC5\Cm3Start.c</v>
<v>Generated_Source\PSoC5\core_cm3.h</v>
<v>Generated_Source\PSoC5\core_cm3_psoc5.h</v>
<v>Generated_Source\PSoC5\CyBootAsmGnu.s</v>
<v>Generated_Source\PSoC5\CyBootAsmRv.s</v>
<v>Generated_Source\PSoC5\CyDmac.c</v>
<v>Generated_Source\PSoC5\CyDmac.h</v>
<v>Generated_Source\PSoC5\CyFlash.c</v>
<v>Generated_Source\PSoC5\CyFlash.h</v>
<v>Generated_Source\PSoC5\CyLib.c</v>
<v>Generated_Source\PSoC5\CyLib.h</v>
<v>Generated_Source\PSoC5\cypins.h</v>
<v>Generated_Source\PSoC5\cyPm.c</v>
<v>Generated_Source\PSoC5\cyPm.h</v>
<v>Generated_Source\PSoC5\CySpc.c</v>
<v>Generated_Source\PSoC5\CySpc.h</v>
<v>Generated_Source\PSoC5\cytypes.h</v>
<v>Generated_Source\PSoC5\cyutils.c</v>
<v>Generated_Source\PSoC5\core_cmFunc.h</v>
<v>Generated_Source\PSoC5\core_cmInstr.h</v>
<v>Generated_Source\PSoC5\Cm3Iar.icf</v>
<v>Generated_Source\PSoC5\CyBootAsmIar.s</v>
<v>Generated_Source\PSoC5\cmsis_armcc.h</v>
<v>Generated_Source\PSoC5\cmsis_gcc.h</v>
<v>Generated_Source\PSoC5\cmsis_compiler.h</v>
<v>Generated_Source\PSoC5\cy_em_eeprom.c</v>
<v>Generated_Source\PSoC5\cy_em_eeprom.h</v>
<v>Generated_Source\PSoC5\project.h</v>
<v>Generated_Source\PSoC5\cycodeshareimport.ld</v>
<v>Generated_Source\PSoC5\cycodeshareexport.ld</v>
<v>Generated_Source\PSoC5\cycodeshareimport.scat</v>
</gen_list>
<warp_dep>
<v>C:\Program Files (x86)\Cypress\PSoC Creator\4.2\PSoC Creator\warp\lib\ieee\work\stdlogic.vif</v>
<v>C:\Program Files (x86)\Cypress\PSoC Creator\4.2\PSoC Creator\warp\lib\common\stdlogic\mod_genv.vif</v>
<v>C:\Program Files (x86)\Cypress\PSoC Creator\4.2\PSoC Creator\warp\lib\common\cypress.v</v>
<v>C:\Program Files (x86)\Cypress\PSoC Creator\4.2\PSoC Creator\warp\lib\common\cy_psoc3_inc.v</v>
<v>C:\Program Files (x86)\Cypress\PSoC Creator\4.2\PSoC Creator\warp\lib\common\stdlogic\rtlpkg.vif</v>
<v>C:\Program Files (x86)\Cypress\PSoC Creator\4.2\PSoC Creator\warp\lib\common\stdlogic\cy_psoc3.vif</v>
</warp_dep>
<deps_time v="131708725007984842" />
<top_block v="TopDesign" />
<last_generation v="0" />
<pdl_path v="" />
<sw_packages />
</CyGuid_925cc1e1-309e-4e08-b0a1-09a83c35b157>
</dataGuid>
<dataGuid v="47ec7058-2f43-4a2f-ae73-172624e235df">
<CyGuid_47ec7058-2f43-4a2f-ae73-172624e235df type_name="CyDesigner.Common.ProjMgmt.Model.CyConfDepList" version="1">
<name v="cmpl_deps">
<CyGuid_f44455c5-3770-4452-b988-0a7a7ff46256 type_name="CyDesigner.Common.ProjMgmt.Model.CyConfigDependencies" version="1">
<dependency_info name="c9323d49-d323-40b8-9b59-cc008d68a989@Debug@CortexM3" xml_contents_version="2">
<CyGuid_1173175f-1b9b-4ad4-a065-754a48a27021 type_name="CyDesigner.Common.Base.CyFileDeps" version="1">
<file name=".\CortexM3\ARM_GCC_541\Debug\ADC.o">
<dep name=".\Generated_Source\PSoC5\ADC.c" />
<dep name=".\Generated_Source\PSoC5\ADC.h" />
<dep name=".\Generated_Source\PSoC5\ADC_theACLK.h" />
<dep name=".\Generated_Source\PSoC5\CyFlash.h" />
<dep name=".\Generated_Source\PSoC5\CyLib.h" />
<dep name=".\Generated_Source\PSoC5\CySpc.h" />
<dep name=".\Generated_Source\PSoC5\cyPm.h" />
<dep name=".\Generated_Source\PSoC5\cydevice.h" />
<dep name=".\Generated_Source\PSoC5\cydevice_trm.h" />
<dep name=".\Generated_Source\PSoC5\cyfitter.h" />
<dep name=".\Generated_Source\PSoC5\cytypes.h" />
</file>
<file name=".\Generated_Source\PSoC5\ADC.c" />
<file name=".\Generated_Source\PSoC5\ADC.h" />
<file name=".\Generated_Source\PSoC5\ADC_theACLK.h" />
<file name=".\Generated_Source\PSoC5\CyFlash.h" />
<file name=".\Generated_Source\PSoC5\CyLib.h" />
<file name=".\Generated_Source\PSoC5\CySpc.h" />
<file name=".\Generated_Source\PSoC5\cyPm.h" />
<file name=".\Generated_Source\PSoC5\cydevice.h" />
<file name=".\Generated_Source\PSoC5\cydevice_trm.h" />
<file name=".\Generated_Source\PSoC5\cyfitter.h" />
<file name=".\Generated_Source\PSoC5\cytypes.h" />
<file name=".\CortexM3\ARM_GCC_541\Debug\ADC_INT.o">
<dep name=".\Generated_Source\PSoC5\ADC.h" />
<dep name=".\Generated_Source\PSoC5\ADC_INT.c" />
<dep name=".\Generated_Source\PSoC5\cydevice.h" />
<dep name=".\Generated_Source\PSoC5\cydevice_trm.h" />
<dep name=".\Generated_Source\PSoC5\cyfitter.h" />
<dep name=".\Generated_Source\PSoC5\cytypes.h" />
<dep name=".\cyapicallbacks.h" />
</file>
<file name=".\Generated_Source\PSoC5\ADC_INT.c" />
<file name=".\cyapicallbacks.h" />
<file name=".\CortexM3\ARM_GCC_541\Debug\ADC_IRQ.o">
<dep name=".\Generated_Source\PSoC5\ADC_IRQ.c" />
<dep name=".\Generated_Source\PSoC5\ADC_IRQ.h" />
<dep name=".\Generated_Source\PSoC5\CyFlash.h" />
<dep name=".\Generated_Source\PSoC5\CyLib.h" />
<dep name=".\Generated_Source\PSoC5\CySpc.h" />
<dep name=".\Generated_Source\PSoC5\cyPm.h" />
<dep name=".\Generated_Source\PSoC5\cydevice.h" />
<dep name=".\Generated_Source\PSoC5\cydevice_trm.h" />
<dep name=".\Generated_Source\PSoC5\cyfitter.h" />
<dep name=".\Generated_Source\PSoC5\cytypes.h" />
<dep name=".\cyapicallbacks.h" />
</file>
<file name=".\Generated_Source\PSoC5\ADC_IRQ.c" />
<file name=".\Generated_Source\PSoC5\ADC_IRQ.h" />
<file name=".\CortexM3\ARM_GCC_541\Debug\ADC_PM.o">
<dep name=".\Generated_Source\PSoC5\ADC.h" />
<dep name=".\Generated_Source\PSoC5\ADC_PM.c" />
<dep name=".\Generated_Source\PSoC5\cydevice.h" />
<dep name=".\Generated_Source\PSoC5\cydevice_trm.h" />
<dep name=".\Generated_Source\PSoC5\cyfitter.h" />
<dep name=".\Generated_Source\PSoC5\cytypes.h" />
</file>
<file name=".\Generated_Source\PSoC5\ADC_PM.c" />
<file name=".\CortexM3\ARM_GCC_541\Debug\ADC_theACLK.o">
<dep name=".\Generated_Source\PSoC5\ADC_theACLK.c" />
<dep name=".\Generated_Source\PSoC5\ADC_theACLK.h" />
<dep name=".\Generated_Source\PSoC5\cydevice.h" />
<dep name=".\Generated_Source\PSoC5\cydevice_trm.h" />
<dep name=".\Generated_Source\PSoC5\cyfitter.h" />
<dep name=".\Generated_Source\PSoC5\cytypes.h" />
</file>
<file name=".\Generated_Source\PSoC5\ADC_theACLK.c" />
<file name=".\CortexM3\ARM_GCC_541\Debug\Cm3Start.o">
<dep name=".\Generated_Source\PSoC5\Cm3Start.c" />
<dep name=".\Generated_Source\PSoC5\CyDmac.h" />
<dep name=".\Generated_Source\PSoC5\CyFlash.h" />
<dep name=".\Generated_Source\PSoC5\CyLib.h" />
<dep name=".\Generated_Source\PSoC5\CySpc.h" />
<dep name=".\Generated_Source\PSoC5\cyPm.h" />
<dep name=".\Generated_Source\PSoC5\cydevice.h" />
<dep name=".\Generated_Source\PSoC5\cydevice_trm.h" />
<dep name=".\Generated_Source\PSoC5\cyfitter.h" />
<dep name=".\Generated_Source\PSoC5\cyfitter_cfg.h" />
<dep name=".\Generated_Source\PSoC5\cytypes.h" />
<dep name=".\cyapicallbacks.h" />
</file>
<file name=".\Generated_Source\PSoC5\Cm3Start.c" />
<file name=".\Generated_Source\PSoC5\CyDmac.h" />
<file name=".\Generated_Source\PSoC5\cyfitter_cfg.h" />
<file name=".\CortexM3\ARM_GCC_541\Debug\CyDmac.o">
<dep name=".\Generated_Source\PSoC5\CyDmac.c" />
<dep name=".\Generated_Source\PSoC5\CyDmac.h" />
<dep name=".\Generated_Source\PSoC5\CyFlash.h" />
<dep name=".\Generated_Source\PSoC5\CyLib.h" />
<dep name=".\Generated_Source\PSoC5\CySpc.h" />
<dep name=".\Generated_Source\PSoC5\cyPm.h" />
<dep name=".\Generated_Source\PSoC5\cydevice.h" />
<dep name=".\Generated_Source\PSoC5\cydevice_trm.h" />
<dep name=".\Generated_Source\PSoC5\cyfitter.h" />
<dep name=".\Generated_Source\PSoC5\cytypes.h" />
</file>
<file name=".\Generated_Source\PSoC5\CyDmac.c" />
<file name=".\CortexM3\ARM_GCC_541\Debug\CyFlash.o">
<dep name=".\Generated_Source\PSoC5\CyFlash.c" />
<dep name=".\Generated_Source\PSoC5\CyFlash.h" />
<dep name=".\Generated_Source\PSoC5\CyLib.h" />
<dep name=".\Generated_Source\PSoC5\CySpc.h" />
<dep name=".\Generated_Source\PSoC5\cyPm.h" />
<dep name=".\Generated_Source\PSoC5\cydevice.h" />
<dep name=".\Generated_Source\PSoC5\cydevice_trm.h" />
<dep name=".\Generated_Source\PSoC5\cyfitter.h" />
<dep name=".\Generated_Source\PSoC5\cytypes.h" />
</file>
<file name=".\Generated_Source\PSoC5\CyFlash.c" />
<file name=".\CortexM3\ARM_GCC_541\Debug\CyLib.o">
<dep name=".\Generated_Source\PSoC5\CyFlash.h" />
<dep name=".\Generated_Source\PSoC5\CyLib.c" />
<dep name=".\Generated_Source\PSoC5\CyLib.h" />
<dep name=".\Generated_Source\PSoC5\CySpc.h" />
<dep name=".\Generated_Source\PSoC5\cyPm.h" />
<dep name=".\Generated_Source\PSoC5\cydevice.h" />
<dep name=".\Generated_Source\PSoC5\cydevice_trm.h" />
<dep name=".\Generated_Source\PSoC5\cyfitter.h" />
<dep name=".\Generated_Source\PSoC5\cytypes.h" />
</file>
<file name=".\Generated_Source\PSoC5\CyLib.c" />
<file name=".\CortexM3\ARM_GCC_541\Debug\CySpc.o">
<dep name=".\Generated_Source\PSoC5\CyFlash.h" />
<dep name=".\Generated_Source\PSoC5\CyLib.h" />
<dep name=".\Generated_Source\PSoC5\CySpc.c" />
<dep name=".\Generated_Source\PSoC5\CySpc.h" />
<dep name=".\Generated_Source\PSoC5\cyPm.h" />
<dep name=".\Generated_Source\PSoC5\cydevice.h" />
<dep name=".\Generated_Source\PSoC5\cydevice_trm.h" />
<dep name=".\Generated_Source\PSoC5\cyfitter.h" />
<dep name=".\Generated_Source\PSoC5\cytypes.h" />
</file>
<file name=".\Generated_Source\PSoC5\CySpc.c" />
<file name=".\CortexM3\ARM_GCC_541\Debug\I2C_MPU6050.o">
<dep name=".\Generated_Source\PSoC5\CyFlash.h" />
<dep name=".\Generated_Source\PSoC5\CyLib.h" />
<dep name=".\Generated_Source\PSoC5\CySpc.h" />
<dep name=".\Generated_Source\PSoC5\I2C_MPU6050.c" />
<dep name=".\Generated_Source\PSoC5\I2C_MPU6050.h" />
<dep name=".\Generated_Source\PSoC5\I2C_MPU6050_PVT.h" />
<dep name=".\Generated_Source\PSoC5\cyPm.h" />
<dep name=".\Generated_Source\PSoC5\cydevice.h" />
<dep name=".\Generated_Source\PSoC5\cydevice_trm.h" />
<dep name=".\Generated_Source\PSoC5\cyfitter.h" />
<dep name=".\Generated_Source\PSoC5\cytypes.h" />
</file>
<file name=".\Generated_Source\PSoC5\I2C_MPU6050.c" />
<file name=".\Generated_Source\PSoC5\I2C_MPU6050.h" />
<file name=".\Generated_Source\PSoC5\I2C_MPU6050_PVT.h" />
<file name=".\CortexM3\ARM_GCC_541\Debug\I2C_MPU6050_BOOT.o">
<dep name=".\Generated_Source\PSoC5\CyFlash.h" />
<dep name=".\Generated_Source\PSoC5\CyLib.h" />
<dep name=".\Generated_Source\PSoC5\CySpc.h" />
<dep name=".\Generated_Source\PSoC5\I2C_MPU6050.h" />
<dep name=".\Generated_Source\PSoC5\I2C_MPU6050_BOOT.c" />
<dep name=".\Generated_Source\PSoC5\I2C_MPU6050_PVT.h" />
<dep name=".\Generated_Source\PSoC5\cyPm.h" />
<dep name=".\Generated_Source\PSoC5\cydevice.h" />
<dep name=".\Generated_Source\PSoC5\cydevice_trm.h" />
<dep name=".\Generated_Source\PSoC5\cyfitter.h" />
<dep name=".\Generated_Source\PSoC5\cytypes.h" />
</file>
<file name=".\Generated_Source\PSoC5\I2C_MPU6050_BOOT.c" />
<file name=".\CortexM3\ARM_GCC_541\Debug\I2C_MPU6050_INT.o">
<dep name=".\Generated_Source\PSoC5\CyFlash.h" />
<dep name=".\Generated_Source\PSoC5\CyLib.h" />
<dep name=".\Generated_Source\PSoC5\CySpc.h" />
<dep name=".\Generated_Source\PSoC5\I2C_MPU6050.h" />
<dep name=".\Generated_Source\PSoC5\I2C_MPU6050_INT.c" />
<dep name=".\Generated_Source\PSoC5\I2C_MPU6050_PVT.h" />
<dep name=".\Generated_Source\PSoC5\cyPm.h" />
<dep name=".\Generated_Source\PSoC5\cydevice.h" />
<dep name=".\Generated_Source\PSoC5\cydevice_trm.h" />
<dep name=".\Generated_Source\PSoC5\cyfitter.h" />
<dep name=".\Generated_Source\PSoC5\cytypes.h" />
<dep name=".\cyapicallbacks.h" />
</file>
<file name=".\Generated_Source\PSoC5\I2C_MPU6050_INT.c" />
<file name=".\CortexM3\ARM_GCC_541\Debug\I2C_MPU6050_MASTER.o">
<dep name=".\Generated_Source\PSoC5\CyFlash.h" />
<dep name=".\Generated_Source\PSoC5\CyLib.h" />
<dep name=".\Generated_Source\PSoC5\CySpc.h" />
<dep name=".\Generated_Source\PSoC5\I2C_MPU6050.h" />
<dep name=".\Generated_Source\PSoC5\I2C_MPU6050_MASTER.c" />
<dep name=".\Generated_Source\PSoC5\I2C_MPU6050_PVT.h" />
<dep name=".\Generated_Source\PSoC5\cyPm.h" />
<dep name=".\Generated_Source\PSoC5\cydevice.h" />
<dep name=".\Generated_Source\PSoC5\cydevice_trm.h" />
<dep name=".\Generated_Source\PSoC5\cyfitter.h" />
<dep name=".\Generated_Source\PSoC5\cytypes.h" />
</file>
<file name=".\Generated_Source\PSoC5\I2C_MPU6050_MASTER.c" />
<file name=".\CortexM3\ARM_GCC_541\Debug\I2C_MPU6050_PM.o">
<dep name=".\Generated_Source\PSoC5\CyFlash.h" />
<dep name=".\Generated_Source\PSoC5\CyLib.h" />
<dep name=".\Generated_Source\PSoC5\CySpc.h" />
<dep name=".\Generated_Source\PSoC5\I2C_MPU6050.h" />
<dep name=".\Generated_Source\PSoC5\I2C_MPU6050_PM.c" />
<dep name=".\Generated_Source\PSoC5\I2C_MPU6050_PVT.h" />
<dep name=".\Generated_Source\PSoC5\cyPm.h" />
<dep name=".\Generated_Source\PSoC5\cydevice.h" />
<dep name=".\Generated_Source\PSoC5\cydevice_trm.h" />
<dep name=".\Generated_Source\PSoC5\cyfitter.h" />
<dep name=".\Generated_Source\PSoC5\cytypes.h" />
</file>
<file name=".\Generated_Source\PSoC5\I2C_MPU6050_PM.c" />
<file name=".\CortexM3\ARM_GCC_541\Debug\I2C_MPU6050_SLAVE.o">
<dep name=".\Generated_Source\PSoC5\CyFlash.h" />
<dep name=".\Generated_Source\PSoC5\CyLib.h" />
<dep name=".\Generated_Source\PSoC5\CySpc.h" />
<dep name=".\Generated_Source\PSoC5\I2C_MPU6050.h" />
<dep name=".\Generated_Source\PSoC5\I2C_MPU6050_PVT.h" />
<dep name=".\Generated_Source\PSoC5\I2C_MPU6050_SLAVE.c" />
<dep name=".\Generated_Source\PSoC5\cyPm.h" />
<dep name=".\Generated_Source\PSoC5\cydevice.h" />
<dep name=".\Generated_Source\PSoC5\cydevice_trm.h" />
<dep name=".\Generated_Source\PSoC5\cyfitter.h" />
<dep name=".\Generated_Source\PSoC5\cytypes.h" />
</file>
<file name=".\Generated_Source\PSoC5\I2C_MPU6050_SLAVE.c" />
<file name=".\CortexM3\ARM_GCC_541\Debug\Pin_1.o">
<dep name=".\Generated_Source\PSoC5\Pin_1.c" />
<dep name=".\Generated_Source\PSoC5\Pin_1.h" />
<dep name=".\Generated_Source\PSoC5\Pin_1_aliases.h" />
<dep name=".\Generated_Source\PSoC5\cydevice.h" />
<dep name=".\Generated_Source\PSoC5\cydevice_trm.h" />
<dep name=".\Generated_Source\PSoC5\cyfitter.h" />
<dep name=".\Generated_Source\PSoC5\cypins.h" />
<dep name=".\Generated_Source\PSoC5\cytypes.h" />
</file>
<file name=".\Generated_Source\PSoC5\Pin_1.c" />
<file name=".\Generated_Source\PSoC5\Pin_1.h" />
<file name=".\Generated_Source\PSoC5\Pin_1_aliases.h" />
<file name=".\Generated_Source\PSoC5\cypins.h" />
<file name=".\CortexM3\ARM_GCC_541\Debug\SCL.o">
<dep name=".\Generated_Source\PSoC5\SCL.c" />
<dep name=".\Generated_Source\PSoC5\SCL.h" />
<dep name=".\Generated_Source\PSoC5\SCL_aliases.h" />
<dep name=".\Generated_Source\PSoC5\cydevice.h" />
<dep name=".\Generated_Source\PSoC5\cydevice_trm.h" />
<dep name=".\Generated_Source\PSoC5\cyfitter.h" />
<dep name=".\Generated_Source\PSoC5\cypins.h" />
<dep name=".\Generated_Source\PSoC5\cytypes.h" />
</file>
<file name=".\Generated_Source\PSoC5\SCL.c" />
<file name=".\Generated_Source\PSoC5\SCL.h" />
<file name=".\Generated_Source\PSoC5\SCL_aliases.h" />
<file name=".\CortexM3\ARM_GCC_541\Debug\SDA.o">
<dep name=".\Generated_Source\PSoC5\SDA.c" />
<dep name=".\Generated_Source\PSoC5\SDA.h" />
<dep name=".\Generated_Source\PSoC5\SDA_aliases.h" />
<dep name=".\Generated_Source\PSoC5\cydevice.h" />
<dep name=".\Generated_Source\PSoC5\cydevice_trm.h" />
<dep name=".\Generated_Source\PSoC5\cyfitter.h" />
<dep name=".\Generated_Source\PSoC5\cypins.h" />
<dep name=".\Generated_Source\PSoC5\cytypes.h" />
</file>
<file name=".\Generated_Source\PSoC5\SDA.c" />
<file name=".\Generated_Source\PSoC5\SDA.h" />
<file name=".\Generated_Source\PSoC5\SDA_aliases.h" />
<file name=".\CortexM3\ARM_GCC_541\Debug\SERIAL.o">
<dep name=".\Generated_Source\PSoC5\CyFlash.h" />
<dep name=".\Generated_Source\PSoC5\CyLib.h" />
<dep name=".\Generated_Source\PSoC5\CySpc.h" />
<dep name=".\Generated_Source\PSoC5\SERIAL.c" />
<dep name=".\Generated_Source\PSoC5\SERIAL.h" />
<dep name=".\Generated_Source\PSoC5\SERIAL_IntClock.h" />
<dep name=".\Generated_Source\PSoC5\cyPm.h" />
<dep name=".\Generated_Source\PSoC5\cydevice.h" />
<dep name=".\Generated_Source\PSoC5\cydevice_trm.h" />
<dep name=".\Generated_Source\PSoC5\cyfitter.h" />
<dep name=".\Generated_Source\PSoC5\cytypes.h" />
</file>
<file name=".\Generated_Source\PSoC5\SERIAL.c" />
<file name=".\Generated_Source\PSoC5\SERIAL.h" />
<file name=".\Generated_Source\PSoC5\SERIAL_IntClock.h" />
<file name=".\CortexM3\ARM_GCC_541\Debug\SERIAL_BOOT.o">
<dep name=".\Generated_Source\PSoC5\CyFlash.h" />
<dep name=".\Generated_Source\PSoC5\CyLib.h" />
<dep name=".\Generated_Source\PSoC5\CySpc.h" />
<dep name=".\Generated_Source\PSoC5\SERIAL.h" />
<dep name=".\Generated_Source\PSoC5\SERIAL_BOOT.c" />
<dep name=".\Generated_Source\PSoC5\cyPm.h" />
<dep name=".\Generated_Source\PSoC5\cydevice.h" />
<dep name=".\Generated_Source\PSoC5\cydevice_trm.h" />
<dep name=".\Generated_Source\PSoC5\cyfitter.h" />
<dep name=".\Generated_Source\PSoC5\cytypes.h" />
</file>
<file name=".\Generated_Source\PSoC5\SERIAL_BOOT.c" />
<file name=".\CortexM3\ARM_GCC_541\Debug\SERIAL_INT.o">
<dep name=".\Generated_Source\PSoC5\CyFlash.h" />
<dep name=".\Generated_Source\PSoC5\CyLib.h" />
<dep name=".\Generated_Source\PSoC5\CySpc.h" />
<dep name=".\Generated_Source\PSoC5\SERIAL.h" />
<dep name=".\Generated_Source\PSoC5\SERIAL_INT.c" />
<dep name=".\Generated_Source\PSoC5\cyPm.h" />
<dep name=".\Generated_Source\PSoC5\cydevice.h" />
<dep name=".\Generated_Source\PSoC5\cydevice_trm.h" />
<dep name=".\Generated_Source\PSoC5\cyfitter.h" />
<dep name=".\Generated_Source\PSoC5\cytypes.h" />
<dep name=".\cyapicallbacks.h" />
</file>
<file name=".\Generated_Source\PSoC5\SERIAL_INT.c" />
<file name=".\CortexM3\ARM_GCC_541\Debug\SERIAL_IntClock.o">
<dep name=".\Generated_Source\PSoC5\SERIAL_IntClock.c" />
<dep name=".\Generated_Source\PSoC5\SERIAL_IntClock.h" />
<dep name=".\Generated_Source\PSoC5\cydevice.h" />
<dep name=".\Generated_Source\PSoC5\cydevice_trm.h" />
<dep name=".\Generated_Source\PSoC5\cyfitter.h" />
<dep name=".\Generated_Source\PSoC5\cytypes.h" />
</file>
<file name=".\Generated_Source\PSoC5\SERIAL_IntClock.c" />
<file name=".\CortexM3\ARM_GCC_541\Debug\SERIAL_PM.o">
<dep name=".\Generated_Source\PSoC5\CyFlash.h" />
<dep name=".\Generated_Source\PSoC5\CyLib.h" />
<dep name=".\Generated_Source\PSoC5\CySpc.h" />
<dep name=".\Generated_Source\PSoC5\SERIAL.h" />
<dep name=".\Generated_Source\PSoC5\SERIAL_PM.c" />
<dep name=".\Generated_Source\PSoC5\cyPm.h" />
<dep name=".\Generated_Source\PSoC5\cydevice.h" />
<dep name=".\Generated_Source\PSoC5\cydevice_trm.h" />
<dep name=".\Generated_Source\PSoC5\cyfitter.h" />
<dep name=".\Generated_Source\PSoC5\cytypes.h" />
</file>
<file name=".\Generated_Source\PSoC5\SERIAL_PM.c" />
<file name=".\CortexM3\ARM_GCC_541\Debug\cyPm.o">
<dep name=".\Generated_Source\PSoC5\CyFlash.h" />
<dep name=".\Generated_Source\PSoC5\CyLib.h" />
<dep name=".\Generated_Source\PSoC5\CySpc.h" />
<dep name=".\Generated_Source\PSoC5\cyPm.c" />
<dep name=".\Generated_Source\PSoC5\cyPm.h" />
<dep name=".\Generated_Source\PSoC5\cydevice.h" />
<dep name=".\Generated_Source\PSoC5\cydevice_trm.h" />
<dep name=".\Generated_Source\PSoC5\cyfitter.h" />
<dep name=".\Generated_Source\PSoC5\cytypes.h" />
<dep name=".\cyapicallbacks.h" />
</file>
<file name=".\Generated_Source\PSoC5\cyPm.c" />
<file name=".\CortexM3\ARM_GCC_541\Debug\cy_em_eeprom.o">
<dep name=".\Generated_Source\PSoC5\CyFlash.h" />
<dep name=".\Generated_Source\PSoC5\CyLib.h" />
<dep name=".\Generated_Source\PSoC5\CySpc.h" />
<dep name=".\Generated_Source\PSoC5\cyPm.h" />
<dep name=".\Generated_Source\PSoC5\cy_em_eeprom.c" />
<dep name=".\Generated_Source\PSoC5\cy_em_eeprom.h" />
<dep name=".\Generated_Source\PSoC5\cydevice.h" />
<dep name=".\Generated_Source\PSoC5\cydevice_trm.h" />
<dep name=".\Generated_Source\PSoC5\cyfitter.h" />
<dep name=".\Generated_Source\PSoC5\cytypes.h" />
</file>
<file name=".\Generated_Source\PSoC5\cy_em_eeprom.c" />
<file name=".\Generated_Source\PSoC5\cy_em_eeprom.h" />
<file name=".\CortexM3\ARM_GCC_541\Debug\cyfitter_cfg.o">
<dep name=".\Generated_Source\PSoC5\CyFlash.h" />
<dep name=".\Generated_Source\PSoC5\CyLib.h" />
<dep name=".\Generated_Source\PSoC5\CySpc.h" />
<dep name=".\Generated_Source\PSoC5\cyPm.h" />
<dep name=".\Generated_Source\PSoC5\cydevice.h" />
<dep name=".\Generated_Source\PSoC5\cydevice_trm.h" />
<dep name=".\Generated_Source\PSoC5\cyfitter.h" />
<dep name=".\Generated_Source\PSoC5\cyfitter_cfg.c" />
<dep name=".\Generated_Source\PSoC5\cyfitter_cfg.h" />
<dep name=".\Generated_Source\PSoC5\cytypes.h" />
<dep name=".\cyapicallbacks.h" />
</file>
<file name=".\Generated_Source\PSoC5\cyfitter_cfg.c" />
<file name=".\CortexM3\ARM_GCC_541\Debug\cymetadata.o">
<dep name=".\Generated_Source\PSoC5\cymetadata.c" />
</file>
<file name=".\Generated_Source\PSoC5\cymetadata.c" />
<file name=".\CortexM3\ARM_GCC_541\Debug\cyutils.o">
<dep name=".\Generated_Source\PSoC5\cydevice.h" />
<dep name=".\Generated_Source\PSoC5\cydevice_trm.h" />
<dep name=".\Generated_Source\PSoC5\cyfitter.h" />
<dep name=".\Generated_Source\PSoC5\cytypes.h" />
<dep name=".\Generated_Source\PSoC5\cyutils.c" />
</file>
<file name=".\Generated_Source\PSoC5\cyutils.c" />
<file name=".\CortexM3\ARM_GCC_541\Debug\i2cFunctions.o">
<dep name=".\Generated_Source\PSoC5\cmsis_armcc.h" />
<dep name=".\Generated_Source\PSoC5\cmsis_compiler.h" />
<dep name=".\Generated_Source\PSoC5\cmsis_gcc.h" />
<dep name=".\Generated_Source\PSoC5\core_cm3.h" />
<dep name=".\Generated_Source\PSoC5\core_cm3_psoc5.h" />
<dep name=".\Generated_Source\PSoC5\cydisabledsheets.h" />
<dep name=".\Generated_Source\PSoC5\project.h" />
<dep name=".\Generated_Source\PSoC5\ADC.h" />
<dep name=".\Generated_Source\PSoC5\ADC_IRQ.h" />
<dep name=".\Generated_Source\PSoC5\ADC_theACLK.h" />
<dep name=".\Generated_Source\PSoC5\CyDmac.h" />
<dep name=".\Generated_Source\PSoC5\CyFlash.h" />
<dep name=".\Generated_Source\PSoC5\CyLib.h" />
<dep name=".\Generated_Source\PSoC5\CySpc.h" />
<dep name=".\Generated_Source\PSoC5\I2C_MPU6050.h" />
<dep name=".\Generated_Source\PSoC5\I2C_MPU6050_PVT.h" />
<dep name=".\Generated_Source\PSoC5\Pin_1.h" />
<dep name=".\Generated_Source\PSoC5\Pin_1_aliases.h" />
<dep name=".\Generated_Source\PSoC5\SCL.h" />
<dep name=".\Generated_Source\PSoC5\SCL_aliases.h" />
<dep name=".\Generated_Source\PSoC5\SDA.h" />
<dep name=".\Generated_Source\PSoC5\SDA_aliases.h" />
<dep name=".\Generated_Source\PSoC5\SERIAL.h" />
<dep name=".\Generated_Source\PSoC5\SERIAL_IntClock.h" />
<dep name=".\Generated_Source\PSoC5\cyPm.h" />
<dep name=".\Generated_Source\PSoC5\cy_em_eeprom.h" />
<dep name=".\Generated_Source\PSoC5\cydevice.h" />
<dep name=".\Generated_Source\PSoC5\cydevice_trm.h" />
<dep name=".\Generated_Source\PSoC5\cyfitter.h" />
<dep name=".\Generated_Source\PSoC5\cyfitter_cfg.h" />
<dep name=".\Generated_Source\PSoC5\cypins.h" />
<dep name=".\Generated_Source\PSoC5\cytypes.h" />
<dep name=".\i2cFunctions.c" />
</file>
<file name=".\Generated_Source\PSoC5\cmsis_armcc.h" />
<file name=".\Generated_Source\PSoC5\cmsis_compiler.h" />
<file name=".\Generated_Source\PSoC5\cmsis_gcc.h" />
<file name=".\Generated_Source\PSoC5\core_cm3.h" />
<file name=".\Generated_Source\PSoC5\core_cm3_psoc5.h" />
<file name=".\Generated_Source\PSoC5\cydisabledsheets.h" />
<file name=".\Generated_Source\PSoC5\project.h" />
<file name=".\i2cFunctions.c" />
<file name=".\CortexM3\ARM_GCC_541\Debug\main.o">
<dep name=".\Generated_Source\PSoC5\cmsis_armcc.h" />
<dep name=".\Generated_Source\PSoC5\cmsis_compiler.h" />
<dep name=".\Generated_Source\PSoC5\cmsis_gcc.h" />
<dep name=".\Generated_Source\PSoC5\core_cm3.h" />
<dep name=".\Generated_Source\PSoC5\core_cm3_psoc5.h" />
<dep name=".\Generated_Source\PSoC5\cydisabledsheets.h" />
<dep name=".\Generated_Source\PSoC5\project.h" />
<dep name=".\Generated_Source\PSoC5\ADC.h" />
<dep name=".\Generated_Source\PSoC5\ADC_IRQ.h" />
<dep name=".\Generated_Source\PSoC5\ADC_theACLK.h" />
<dep name=".\Generated_Source\PSoC5\CyDmac.h" />
<dep name=".\Generated_Source\PSoC5\CyFlash.h" />
<dep name=".\Generated_Source\PSoC5\CyLib.h" />
<dep name=".\Generated_Source\PSoC5\CySpc.h" />
<dep name=".\Generated_Source\PSoC5\I2C_MPU6050.h" />
<dep name=".\Generated_Source\PSoC5\I2C_MPU6050_PVT.h" />
<dep name=".\Generated_Source\PSoC5\Pin_1.h" />
<dep name=".\Generated_Source\PSoC5\Pin_1_aliases.h" />
<dep name=".\Generated_Source\PSoC5\SCL.h" />
<dep name=".\Generated_Source\PSoC5\SCL_aliases.h" />
<dep name=".\Generated_Source\PSoC5\SDA.h" />
<dep name=".\Generated_Source\PSoC5\SDA_aliases.h" />
<dep name=".\Generated_Source\PSoC5\SERIAL.h" />
<dep name=".\Generated_Source\PSoC5\SERIAL_IntClock.h" />
<dep name=".\Generated_Source\PSoC5\cyPm.h" />
<dep name=".\Generated_Source\PSoC5\cy_em_eeprom.h" />
<dep name=".\Generated_Source\PSoC5\cydevice.h" />
<dep name=".\Generated_Source\PSoC5\cydevice_trm.h" />
<dep name=".\Generated_Source\PSoC5\cyfitter.h" />
<dep name=".\Generated_Source\PSoC5\cyfitter_cfg.h" />
<dep name=".\Generated_Source\PSoC5\cypins.h" />
<dep name=".\Generated_Source\PSoC5\cytypes.h" />
<dep name=".\main.c" />
<dep name=".\mpu6050.h" />
</file>
<file name=".\main.c" />
<file name=".\mpu6050.h" />
<file name=".\CortexM3\ARM_GCC_541\Debug\mpu6050.o">
<dep name=".\mpu6050.c" />
<dep name=".\mpu6050.h" />
</file>
<file name=".\mpu6050.c" />
<file name=".\CortexM3\ARM_GCC_541\Debug\CyBootAsmGnu.o">
<dep name=".\Generated_Source\PSoC5\CyBootAsmGnu.s" />
<dep name=".\Generated_Source\PSoC5\cydevicegnu.inc" />
<dep name=".\Generated_Source\PSoC5\cydevicegnu_trm.inc" />
<dep name=".\Generated_Source\PSoC5\cyfittergnu.inc" />
</file>
<file name=".\Generated_Source\PSoC5\CyBootAsmGnu.s" />
<file name=".\Generated_Source\PSoC5\cydevicegnu.inc" />
<file name=".\Generated_Source\PSoC5\cydevicegnu_trm.inc" />
<file name=".\Generated_Source\PSoC5\cyfittergnu.inc" />
</CyGuid_1173175f-1b9b-4ad4-a065-754a48a27021>
</dependency_info>
</CyGuid_f44455c5-3770-4452-b988-0a7a7ff46256>
</name>
<name v="link_deps">
<CyGuid_f44455c5-3770-4452-b988-0a7a7ff46256 type_name="CyDesigner.Common.ProjMgmt.Model.CyConfigDependencies" version="1">
<dependency_info name="c9323d49-d323-40b8-9b59-cc008d68a989@Debug@CortexM3" xml_contents_version="2">
<CyGuid_1173175f-1b9b-4ad4-a065-754a48a27021 type_name="CyDesigner.Common.Base.CyFileDeps" version="1">
<file name=".\CortexM3\ARM_GCC_541\Debug\MPU6050_control.hex">
<dep name=".\CortexM3\ARM_GCC_541\Debug\main.o" />
<dep name=".\CortexM3\ARM_GCC_541\Debug\i2cFunctions.o" />
<dep name=".\CortexM3\ARM_GCC_541\Debug\mpu6050.o" />
<dep name=".\CortexM3\ARM_GCC_541\Debug\cyfitter_cfg.o" />
<dep name=".\CortexM3\ARM_GCC_541\Debug\cymetadata.o" />
<dep name=".\CortexM3\ARM_GCC_541\Debug\I2C_MPU6050.o" />
<dep name=".\CortexM3\ARM_GCC_541\Debug\I2C_MPU6050_BOOT.o" />
<dep name=".\CortexM3\ARM_GCC_541\Debug\I2C_MPU6050_INT.o" />
<dep name=".\CortexM3\ARM_GCC_541\Debug\I2C_MPU6050_PM.o" />
<dep name=".\CortexM3\ARM_GCC_541\Debug\I2C_MPU6050_SLAVE.o" />
<dep name=".\CortexM3\ARM_GCC_541\Debug\I2C_MPU6050_MASTER.o" />
<dep name=".\CortexM3\ARM_GCC_541\Debug\SDA.o" />
<dep name=".\CortexM3\ARM_GCC_541\Debug\SCL.o" />
<dep name=".\CortexM3\ARM_GCC_541\Debug\SERIAL.o" />
<dep name=".\CortexM3\ARM_GCC_541\Debug\SERIAL_PM.o" />
<dep name=".\CortexM3\ARM_GCC_541\Debug\SERIAL_INT.o" />
<dep name=".\CortexM3\ARM_GCC_541\Debug\SERIAL_BOOT.o" />
<dep name=".\CortexM3\ARM_GCC_541\Debug\ADC.o" />
<dep name=".\CortexM3\ARM_GCC_541\Debug\ADC_INT.o" />
<dep name=".\CortexM3\ARM_GCC_541\Debug\ADC_PM.o" />
<dep name=".\CortexM3\ARM_GCC_541\Debug\Pin_1.o" />
<dep name=".\CortexM3\ARM_GCC_541\Debug\SERIAL_IntClock.o" />
<dep name=".\CortexM3\ARM_GCC_541\Debug\ADC_IRQ.o" />
<dep name=".\CortexM3\ARM_GCC_541\Debug\ADC_theACLK.o" />
<dep name=".\CortexM3\ARM_GCC_541\Debug\Cm3Start.o" />
<dep name=".\CortexM3\ARM_GCC_541\Debug\CyBootAsmGnu.o" />
<dep name=".\CortexM3\ARM_GCC_541\Debug\CyDmac.o" />
<dep name=".\CortexM3\ARM_GCC_541\Debug\CyFlash.o" />
<dep name=".\CortexM3\ARM_GCC_541\Debug\CyLib.o" />
<dep name=".\CortexM3\ARM_GCC_541\Debug\cyPm.o" />
<dep name=".\CortexM3\ARM_GCC_541\Debug\CySpc.o" />
<dep name=".\CortexM3\ARM_GCC_541\Debug\cyutils.o" />
<dep name=".\CortexM3\ARM_GCC_541\Debug\cy_em_eeprom.o" />
<dep name=".\CortexM3\ARM_GCC_541\Debug\MPU6050_control.a" />
<dep name="${CyRoot}\psoc\content\cycomponentlibrary\CyComponentLibrary.cylib\CortexM3\ARM_GCC_541\Debug\CyComponentLibrary.a" />
</file>
</CyGuid_1173175f-1b9b-4ad4-a065-754a48a27021>
</dependency_info>
</CyGuid_f44455c5-3770-4452-b988-0a7a7ff46256>
</name>
</CyGuid_47ec7058-2f43-4a2f-ae73-172624e235df>
</dataGuid>
<dataGuid v="b0374e30-ce3a-47f2-ad85-821643292c68">
<CyGuid_b0374e30-ce3a-47f2-ad85-821643292c68 type_name="CyDesigner.Common.ProjMgmt.Common.CyCmdLineData" version="2">
<genericCmdLineData>
<name v="c9323d49-d323-40b8-9b59-cc008d68a989@Debug@CortexM3">
<name_val_pair name="main.c" v="-mcpu=cortex-m3 -mthumb -I. -IGenerated_Source\PSoC5 -Wa,-alh=${OutputDir}/${CompileFile}.lst -g -D DEBUG -D CY_CORE_ID=0 -Wall -ffunction-sections -ffat-lto-objects -Og" />
<name_val_pair name="i2cFunctions.c" v="-mcpu=cortex-m3 -mthumb -I. -IGenerated_Source\PSoC5 -Wa,-alh=${OutputDir}/${CompileFile}.lst -g -D DEBUG -D CY_CORE_ID=0 -Wall -ffunction-sections -ffat-lto-objects -Og" />
<name_val_pair name="mpu6050.c" v="-mcpu=cortex-m3 -mthumb -I. -IGenerated_Source\PSoC5 -Wa,-alh=${OutputDir}/${CompileFile}.lst -g -D DEBUG -D CY_CORE_ID=0 -Wall -ffunction-sections -ffat-lto-objects -Og" />
<name_val_pair name="Generated_Source\PSoC5\cyfitter_cfg.c" v="-mcpu=cortex-m3 -mthumb -I. -IGenerated_Source\PSoC5 -Wa,-alh=${OutputDir}/${CompileFile}.lst -g -D DEBUG -D CY_CORE_ID=0 -Wall -ffunction-sections -ffat-lto-objects -Og" />
<name_val_pair name="Generated_Source\PSoC5\cymetadata.c" v="-mcpu=cortex-m3 -mthumb -I. -IGenerated_Source\PSoC5 -Wa,-alh=${OutputDir}/${CompileFile}.lst -g -D DEBUG -D CY_CORE_ID=0 -Wall -ffunction-sections -ffat-lto-objects -Og" />
<name_val_pair name="Generated_Source\PSoC5\I2C_MPU6050.c" v="-mcpu=cortex-m3 -mthumb -I. -IGenerated_Source\PSoC5 -Wa,-alh=${OutputDir}/${CompileFile}.lst -g -D DEBUG -D CY_CORE_ID=0 -Wall -ffunction-sections -ffat-lto-objects -Og" />
<name_val_pair name="Generated_Source\PSoC5\I2C_MPU6050_BOOT.c" v="-mcpu=cortex-m3 -mthumb -I. -IGenerated_Source\PSoC5 -Wa,-alh=${OutputDir}/${CompileFile}.lst -g -D DEBUG -D CY_CORE_ID=0 -Wall -ffunction-sections -ffat-lto-objects -Og" />
<name_val_pair name="Generated_Source\PSoC5\I2C_MPU6050_INT.c" v="-mcpu=cortex-m3 -mthumb -I. -IGenerated_Source\PSoC5 -Wa,-alh=${OutputDir}/${CompileFile}.lst -g -D DEBUG -D CY_CORE_ID=0 -Wall -ffunction-sections -ffat-lto-objects -Og" />
<name_val_pair name="Generated_Source\PSoC5\I2C_MPU6050_PM.c" v="-mcpu=cortex-m3 -mthumb -I. -IGenerated_Source\PSoC5 -Wa,-alh=${OutputDir}/${CompileFile}.lst -g -D DEBUG -D CY_CORE_ID=0 -Wall -ffunction-sections -ffat-lto-objects -Og" />
<name_val_pair name="Generated_Source\PSoC5\I2C_MPU6050_SLAVE.c" v="-mcpu=cortex-m3 -mthumb -I. -IGenerated_Source\PSoC5 -Wa,-alh=${OutputDir}/${CompileFile}.lst -g -D DEBUG -D CY_CORE_ID=0 -Wall -ffunction-sections -ffat-lto-objects -Og" />
<name_val_pair name="Generated_Source\PSoC5\I2C_MPU6050_MASTER.c" v="-mcpu=cortex-m3 -mthumb -I. -IGenerated_Source\PSoC5 -Wa,-alh=${OutputDir}/${CompileFile}.lst -g -D DEBUG -D CY_CORE_ID=0 -Wall -ffunction-sections -ffat-lto-objects -Og" />
<name_val_pair name="Generated_Source\PSoC5\SDA.c" v="-mcpu=cortex-m3 -mthumb -I. -IGenerated_Source\PSoC5 -Wa,-alh=${OutputDir}/${CompileFile}.lst -g -D DEBUG -D CY_CORE_ID=0 -Wall -ffunction-sections -ffat-lto-objects -Og" />
<name_val_pair name="Generated_Source\PSoC5\SCL.c" v="-mcpu=cortex-m3 -mthumb -I. -IGenerated_Source\PSoC5 -Wa,-alh=${OutputDir}/${CompileFile}.lst -g -D DEBUG -D CY_CORE_ID=0 -Wall -ffunction-sections -ffat-lto-objects -Og" />
<name_val_pair name="Generated_Source\PSoC5\SERIAL.c" v="-mcpu=cortex-m3 -mthumb -I. -IGenerated_Source\PSoC5 -Wa,-alh=${OutputDir}/${CompileFile}.lst -g -D DEBUG -D CY_CORE_ID=0 -Wall -ffunction-sections -ffat-lto-objects -Og" />
<name_val_pair name="Generated_Source\PSoC5\SERIAL_PM.c" v="-mcpu=cortex-m3 -mthumb -I. -IGenerated_Source\PSoC5 -Wa,-alh=${OutputDir}/${CompileFile}.lst -g -D DEBUG -D CY_CORE_ID=0 -Wall -ffunction-sections -ffat-lto-objects -Og" />
<name_val_pair name="Generated_Source\PSoC5\SERIAL_INT.c" v="-mcpu=cortex-m3 -mthumb -I. -IGenerated_Source\PSoC5 -Wa,-alh=${OutputDir}/${CompileFile}.lst -g -D DEBUG -D CY_CORE_ID=0 -Wall -ffunction-sections -ffat-lto-objects -Og" />
<name_val_pair name="Generated_Source\PSoC5\SERIAL_BOOT.c" v="-mcpu=cortex-m3 -mthumb -I. -IGenerated_Source\PSoC5 -Wa,-alh=${OutputDir}/${CompileFile}.lst -g -D DEBUG -D CY_CORE_ID=0 -Wall -ffunction-sections -ffat-lto-objects -Og" />
<name_val_pair name="Generated_Source\PSoC5\ADC.c" v="-mcpu=cortex-m3 -mthumb -I. -IGenerated_Source\PSoC5 -Wa,-alh=${OutputDir}/${CompileFile}.lst -g -D DEBUG -D CY_CORE_ID=0 -Wall -ffunction-sections -ffat-lto-objects -Og" />
<name_val_pair name="Generated_Source\PSoC5\ADC_INT.c" v="-mcpu=cortex-m3 -mthumb -I. -IGenerated_Source\PSoC5 -Wa,-alh=${OutputDir}/${CompileFile}.lst -g -D DEBUG -D CY_CORE_ID=0 -Wall -ffunction-sections -ffat-lto-objects -Og" />
<name_val_pair name="Generated_Source\PSoC5\ADC_PM.c" v="-mcpu=cortex-m3 -mthumb -I. -IGenerated_Source\PSoC5 -Wa,-alh=${OutputDir}/${CompileFile}.lst -g -D DEBUG -D CY_CORE_ID=0 -Wall -ffunction-sections -ffat-lto-objects -Og" />
<name_val_pair name="Generated_Source\PSoC5\Pin_1.c" v="-mcpu=cortex-m3 -mthumb -I. -IGenerated_Source\PSoC5 -Wa,-alh=${OutputDir}/${CompileFile}.lst -g -D DEBUG -D CY_CORE_ID=0 -Wall -ffunction-sections -ffat-lto-objects -Og" />
<name_val_pair name="Generated_Source\PSoC5\SERIAL_IntClock.c" v="-mcpu=cortex-m3 -mthumb -I. -IGenerated_Source\PSoC5 -Wa,-alh=${OutputDir}/${CompileFile}.lst -g -D DEBUG -D CY_CORE_ID=0 -Wall -ffunction-sections -ffat-lto-objects -Og" />
<name_val_pair name="Generated_Source\PSoC5\ADC_IRQ.c" v="-mcpu=cortex-m3 -mthumb -I. -IGenerated_Source\PSoC5 -Wa,-alh=${OutputDir}/${CompileFile}.lst -g -D DEBUG -D CY_CORE_ID=0 -Wall -ffunction-sections -ffat-lto-objects -Og" />
<name_val_pair name="Generated_Source\PSoC5\ADC_theACLK.c" v="-mcpu=cortex-m3 -mthumb -I. -IGenerated_Source\PSoC5 -Wa,-alh=${OutputDir}/${CompileFile}.lst -g -D DEBUG -D CY_CORE_ID=0 -Wall -ffunction-sections -ffat-lto-objects -Og" />
<name_val_pair name="Generated_Source\PSoC5\Cm3Start.c" v="-mcpu=cortex-m3 -mthumb -I. -IGenerated_Source\PSoC5 -Wa,-alh=${OutputDir}/${CompileFile}.lst -g -D DEBUG -D CY_CORE_ID=0 -Wall -ffunction-sections -ffat-lto-objects -Og" />
<name_val_pair name="Generated_Source\PSoC5\CyBootAsmGnu.s" v="-mcpu=cortex-m3 -mthumb -I. -IGenerated_Source\PSoC5 -alh=${OutputDir}/${CompileFile}.lst -g -W" />
<name_val_pair name="Generated_Source\PSoC5\CyDmac.c" v="-mcpu=cortex-m3 -mthumb -I. -IGenerated_Source\PSoC5 -Wa,-alh=${OutputDir}/${CompileFile}.lst -g -D DEBUG -D CY_CORE_ID=0 -Wall -ffunction-sections -ffat-lto-objects -Og" />
<name_val_pair name="Generated_Source\PSoC5\CyFlash.c" v="-mcpu=cortex-m3 -mthumb -I. -IGenerated_Source\PSoC5 -Wa,-alh=${OutputDir}/${CompileFile}.lst -g -D DEBUG -D CY_CORE_ID=0 -Wall -ffunction-sections -ffat-lto-objects -Og" />
<name_val_pair name="Generated_Source\PSoC5\CyLib.c" v="-mcpu=cortex-m3 -mthumb -I. -IGenerated_Source\PSoC5 -Wa,-alh=${OutputDir}/${CompileFile}.lst -g -D DEBUG -D CY_CORE_ID=0 -Wall -ffunction-sections -ffat-lto-objects -Og" />
<name_val_pair name="Generated_Source\PSoC5\cyPm.c" v="-mcpu=cortex-m3 -mthumb -I. -IGenerated_Source\PSoC5 -Wa,-alh=${OutputDir}/${CompileFile}.lst -g -D DEBUG -D CY_CORE_ID=0 -Wall -ffunction-sections -ffat-lto-objects -Og" />
<name_val_pair name="Generated_Source\PSoC5\CySpc.c" v="-mcpu=cortex-m3 -mthumb -I. -IGenerated_Source\PSoC5 -Wa,-alh=${OutputDir}/${CompileFile}.lst -g -D DEBUG -D CY_CORE_ID=0 -Wall -ffunction-sections -ffat-lto-objects -Og" />
<name_val_pair name="Generated_Source\PSoC5\cyutils.c" v="-mcpu=cortex-m3 -mthumb -I. -IGenerated_Source\PSoC5 -Wa,-alh=${OutputDir}/${CompileFile}.lst -g -D DEBUG -D CY_CORE_ID=0 -Wall -ffunction-sections -ffat-lto-objects -Og" />
<name_val_pair name="Generated_Source\PSoC5\cy_em_eeprom.c" v="-mcpu=cortex-m3 -mthumb -I. -IGenerated_Source\PSoC5 -Wa,-alh=${OutputDir}/${CompileFile}.lst -g -D DEBUG -D CY_CORE_ID=0 -Wall -ffunction-sections -ffat-lto-objects -Og" />
<name_val_pair name="D:\Nube\Google_Drive\INGENIERA_INFORMATICA\DSE_SMP\DSE\MPU\JOSEMAMIGUE\MPU6050_control.cydsn\CortexM3\ARM_GCC_541\Debug\MPU6050_control.hex" v="-mcpu=cortex-m3 -mthumb -l m -L Generated_Source\PSoC5 -Wl,-Map,${OutputDir}/${ProjectShortName}.map -T Generated_Source\PSoC5\cm3gcc.ld -specs=nano.specs -Wl,--gc-sections -u_printf_float -g -ffunction-sections -Og -ffat-lto-objects" />
</name>
</genericCmdLineData>
<codeGenCmdLineTag v="-.appdatapath &quot;C:\Users\MiguelAngel\AppData\Local\Cypress Semiconductor\PSoC Creator\4.2&quot; -.fdsnotice -.fdswarpdepfile=warp_dependencies.txt -.fdselabdepfile=elab_dependencies.txt -.fdsbldfile=generated_files.txt -.fdsreffile=referenced_files.txt -p D:\Nube\Google_Drive\INGENIERA_INFORMATICA\DSE_SMP\DSE\MPU\JOSEMAMIGUE\MPU6050_control.cydsn\MPU6050_control.cyprj -d CY8C5888LTI-LP097 -s D:\Nube\Google_Drive\INGENIERA_INFORMATICA\DSE_SMP\DSE\MPU\JOSEMAMIGUE\MPU6050_control.cydsn\Generated_Source\PSoC5 -- -yv2 -q10 -ygs -o2 -v3 -.fftcfgtype=LE" />
</CyGuid_b0374e30-ce3a-47f2-ad85-821643292c68>
</dataGuid>
<dataGuid v="769d31ea-68b1-4f0c-b90a-7c10a43ee563">
<CyGuid_769d31ea-68b1-4f0c-b90a-7c10a43ee563 type_name="CyDesigner.Common.ProjMgmt.Model.CyLinkCustomData" version="1">
<link_deps_times>
<name_val_pair name="c9323d49-d323-40b8-9b59-cc008d68a989@Debug@CortexM3" v="131708725077538601" />
</link_deps_times>
</CyGuid_769d31ea-68b1-4f0c-b90a-7c10a43ee563>
</dataGuid>
</userData>
</CyGuid_fdba8dfd-b15b-4469-9bbb-9e40c3e70997>
<properties />
</CyGuid_7a7929f8-5e3b-4f86-a093-2d4ee6513111>
</CyXmlSerializer>