<?xml version="1.0" encoding="utf-8"?>
<CyXmlSerializer>
<!--This file is machine generated and read. It is not intended to be edited by hand.-->
<!--Due to this, there is no schema for this file.-->
<CyGuid_843a90a4-0c4b-4e44-991d-05e7fb117a21 type_name="CyDesigner.Common.ProjMgmt.Model.CyPrjMgmtWrkspcCustomData" version="4">
<CyGuid_fdba8dfd-b15b-4469-9bbb-9e40c3e70997 type_name="CyDesigner.Common.Base.CyCustomData" version="2">
<userData>
<dataGuid v="1b906a0f-a7b6-4e4d-a428-82f98b53cb35">
<CyGuid_1b906a0f-a7b6-4e4d-a428-82f98b53cb35 type_name="CyDesigner.Common.ProjMgmt.GUI.CyExplorerWindow+CyExplorerWindowState" version="3" SelectedTab="Source">
<TreeKeys>
<v>Output</v>
</TreeKeys>
<TreeStates>
<CyGuid_2a325b3b-c96a-4e9f-b7a0-2c44ecb5f237 type_name="CyDesigner.Common.Base.Controls.CyTreeViewState" version="1" SelectedNodeId="">
<ExpandedNodeIds>
<v>MPU6050_control</v>
<v>MPU6050_control\MPU6050_control</v>
</ExpandedNodeIds>
<VisibleNodeIds>
<v>MPU6050_control</v>
<v>MPU6050_control\MPU6050_control</v>
</VisibleNodeIds>
</CyGuid_2a325b3b-c96a-4e9f-b7a0-2c44ecb5f237>
</TreeStates>
<TreeKeysV2>
<v>Datasheet</v>
</TreeKeysV2>
<TreeStatesV2>
<CyGuid_2a325b3b-c96a-4e9f-b7a0-2c44ecb5f237 type_name="CyDesigner.Common.Base.Controls.CyTreeViewState" version="1" SelectedNodeId="">
<ExpandedNodeIds>
<v>MPU6050_control</v>
</ExpandedNodeIds>
<VisibleNodeIds>
<v>MPU6050_control</v>
</VisibleNodeIds>
</CyGuid_2a325b3b-c96a-4e9f-b7a0-2c44ecb5f237>
</TreeStatesV2>
</CyGuid_1b906a0f-a7b6-4e4d-a428-82f98b53cb35>
</dataGuid>
</userData>
</CyGuid_fdba8dfd-b15b-4469-9bbb-9e40c3e70997>
<Unloaded>
<project v=".\MPU6050_control.cydsn\MPU6050_control.cyprj" />
</Unloaded>
<OpenDocs />
<OpenDocsLayout><![CDATA[<?xml version="1.0"?><!--

  Actipro Docking/MDI for WinForms
  Copyright (c) 2001-2016 Actipro Software LLC.  All rights reserved.
  http://www.actiprosoftware.com

--><DocumentLayout Version="1.0"><LayoutData><TabbedMdiRootContainer Orientation="Horizontal"><TabbedMdiContainer Size="1693, 711" SelectedTabbedMdiWindow="c3dcfa31-72fc-4e0a-b44f-97d08382ec0e"><ToolWindow Key="Start Page:bd4649ab-da6b-4d04-a663-c722b8bf99db:Start Page" Guid="c3dcfa31-72fc-4e0a-b44f-97d08382ec0e" /></TabbedMdiContainer></TabbedMdiRootContainer><FloatingContainers /></LayoutData></DocumentLayout>]]></OpenDocsLayout>
<config v="" />
<AutoUpdate v="true" />
</CyGuid_843a90a4-0c4b-4e44-991d-05e7fb117a21>
</CyXmlSerializer>